match_id,innings_id,date,year,month,format,competition,season,team,opponent,venue,city,country,home_away,innings_number,batting_position,runs,balls_faced,fours,sixes,dots,strike_rate,dismissed,not_out,dismissal_type,bowler,fielder,captain,chasing,target,result,margin,player_of_match,tournament_stage
64914,64914_1,2004-12-23,2004,12,ODI,India tour of Bangladesh,2004/05,India,Bangladesh,MA Aziz Stadium,Chattogram,Unknown,NEUTRAL,1,7,0,1,0,0,1,0.0,True,False,run out,Mohammad Rafique,,False,False,,WON,11 runs,False,
64917,64917_1,2004-12-27,2004,12,ODI,India tour of Bangladesh,2004/05,India,Bangladesh,Bangabandhu National Stadium,Dhaka,Bangladesh,AWAY,1,7,7,2,0,1,0,350.0,False,True,not out,,,False,False,,WON,91 runs,False,
64939,64939_1,2005-04-05,2005,4,ODI,Pakistan tour of India,2004/05,India,Pakistan,Dr. Y.S. Rajasekhara Reddy ACA-VDCA Cricket Stadium,Visakhapatnam,India,HOME,1,3,148,123,15,4,53,120.33,True,False,caught,Mohammad Hafeez,Shoaib Malik,False,False,,WON,58 runs,True,
64941,64941_1,2005-04-12,2005,4,ODI,Pakistan tour of India,2004/05,India,Pakistan,"Sardar Patel (Gujarat) Stadium, Motera",Ahmedabad,India,HOME,1,3,47,64,4,1,31,73.44,True,False,caught,Shoaib Malik,Kamran Akmal,False,False,,LOST,3 wickets,False,
64942,64942_1,2005-04-15,2005,4,ODI,Pakistan tour of India,2004/05,India,Pakistan,Green Park,Kanpur,India,HOME,1,3,11,16,1,0,12,68.75,True,False,caught,Naved-ul-Hasan,Younis Khan,False,False,,LOST,5 wickets,False,
64943,64943_2,2005-04-17,2005,4,ODI,Pakistan tour of India,2004/05,India,Pakistan,Arun Jaitley Stadium,Delhi,India,HOME,2,3,24,38,2,0,21,63.16,True,False,caught,Arshad Khan,Shahid Afridi,False,True,304,LOST,159 runs,False,
214742,214742_2,2005-07-31,2005,7,ODI,Indian Oil Cup,2005,India,West Indies,Rangiri Dambulla International Stadium,,Sri Lanka,NEUTRAL,2,6,15,11,1,1,4,136.36,False,True,not out,,,False,True,179,WON,6 wickets,False,
217481,217481_1,2005-08-29,2005,8,ODI,Videocon Triangular Series,2005,India,Zimbabwe,Harare Sports Club,,Zimbabwe,AWAY,1,6,56,46,2,4,16,121.74,True,False,caught,AJ Ireland,NB Mahwire,False,False,,WON,161 runs,False,
217979,217979_2,2005-09-04,2005,9,ODI,Videocon Triangular Series,2005,India,Zimbabwe,Harare Sports Club,,Zimbabwe,AWAY,2,7,67,63,1,3,22,106.35,False,True,not out,,,False,True,251,WON,4 wickets,False,
218250,218250_1,2005-09-06,2005,9,ODI,Videocon Triangular Series,2005,India,New Zealand,Harare Sports Club,,Zimbabwe,NEUTRAL,1,7,11,16,1,0,8,68.75,True,False,lbw,SB Styris,,False,False,,LOST,6 wickets,False,Final
223018,223018_1,2005-10-25,2005,10,ODI,Sri Lanka tour of India,2005/06,India,Sri Lanka,Vidarbha C.A. Ground,Nagpur,India,HOME,1,6,38,28,3,2,10,135.71,True,False,caught,CRD Fernando,DPMD Jayawardene,False,False,,WON,152 runs,False,
223902,223902_2,2005-11-03,2005,11,ODI,Sri Lanka tour of India,2005/06,India,Sri Lanka,Nehru Stadium,Pune,India,HOME,2,6,45,43,1,2,18,104.65,False,True,not out,,,False,True,262,WON,4 wickets,False,
224231,224231_1,2005-11-06,2005,11,ODI,Sri Lanka tour of India,2005/06,India,Sri Lanka,"Sardar Patel (Gujarat) Stadium, Motera",Ahmedabad,India,HOME,1,3,0,1,0,0,1,0.0,True,False,lbw,DNT Zoysa,,False,False,,LOST,5 wickets,False,
225437,225437_2,2005-11-12,2005,11,ODI,Sri Lanka tour of India,2005/06,India,Sri Lanka,Reliance Stadium,Vadodara,India,HOME,2,4,80,73,9,3,35,109.59,True,False,caught,UDU Chandana,TT Samaraweera,False,True,245,WON,5 wickets,False,
225959,225959_1,2005-11-16,2005,11,ODI,South Africa tour of India,2005/06,India,South Africa,"Rajiv Gandhi International Stadium, Uppal",Hyderabad,India,HOME,1,8,17,28,1,0,18,60.71,True,False,run out,SM Pollock,,False,False,,LOST,5 wickets,False,
226359,226359_2,2005-11-28,2005,11,ODI,South Africa tour of India,2005/06,India,South Africa,Wankhede Stadium,Mumbai,India,HOME,2,6,12,26,1,0,18,46.15,True,False,caught,CK Langeveldt,MV Boucher,False,True,222,WON,5 wickets,False,
226363,226363_1,2005-12-18,2005,12,TEST,Test Series,2005/06,India,Sri Lanka,Sardar Patel Stadium,Ahmedabad,India,HOME,1,7,49,62,7,0,35,79.03,True,False,lbw,M Muralitharan,,False,False,,WON,259 runs,False,
226363,226363_3,2005-12-18,2005,12,TEST,Test Series,2005/06,India,Sri Lanka,Sardar Patel Stadium,Ahmedabad,India,HOME,3,7,14,20,1,0,13,70.0,True,False,lbw,M Muralitharan,,False,False,,WON,259 runs,False,
233797,233797_2,2006-01-21,2006,1,TEST,Test Series,2005/06,India,Pakistan,Iqbal Stadium,Faisalabad,Pakistan,AWAY,2,6,148,153,19,4,86,96.73,True,False,stumped,Danish Kaneria,Kamran Akmal,False,True,589,DRAWN,,False,
234783,234783_2,2006-01-29,2006,1,TEST,Test Series,2005/06,India,Pakistan,National Stadium,Karachi,Pakistan,AWAY,2,7,13,13,3,0,9,100.0,True,False,caught,Abdul Razzaq,Kamran Akmal,False,True,246,LOST,341 runs,False,
234783,234783_4,2006-01-29,2006,1,TEST,Test Series,2005/06,India,Pakistan,National Stadium,Karachi,Pakistan,AWAY,4,7,18,35,4,0,29,51.43,True,False,caught,Abdul Razzaq,Imran Farhat,False,True,,LOST,341 runs,False,
235831,235831_1,2006-02-06,2006,2,ODI,India in Pakistan ODI Series,2005/06,India,Pakistan,Arbab Niaz Stadium,Peshawar,Pakistan,AWAY,1,4,68,53,11,1,24,128.3,True,False,caught,Mohammad Asif,Shoaib Malik,False,False,,LOST,7 runs,False,
236809,236809_2,2006-02-13,2006,2,ODI,India in Pakistan ODI Series,2005/06,India,Pakistan,Gaddafi Stadium,Lahore,Pakistan,AWAY,2,7,72,46,13,0,17,156.52,False,True,not out,,,False,True,289,WON,5 wickets,True,
237222,237222_2,2006-02-16,2006,2,ODI,India in Pakistan ODI Series,2005/06,India,Pakistan,Multan Cricket Stadium,,Pakistan,AWAY,2,7,2,5,0,0,3,40.0,False,True,not out,,,False,True,162,WON,5 wickets,False,
237571,237571_2,2006-02-19,2006,2,ODI,India in Pakistan ODI Series,2005/06,India,Pakistan,National Stadium,Karachi,Pakistan,AWAY,2,4,77,56,6,4,19,137.5,False,True,not out,,,False,True,287,WON,8 wickets,False,
239025,239025_2,2006-03-01,2006,3,TEST,Test Series,2005/06,India,England,Vidarbha C.A. Ground,Nagpur,India,HOME,2,7,5,10,1,0,8,50.0,True,False,caught,A Flintoff,GO Jones,False,True,394,DRAWN,,False,
239025,239025_4,2006-03-01,2006,3,TEST,Test Series,2005/06,India,England,Vidarbha C.A. Ground,Nagpur,India,HOME,4,5,16,21,1,0,9,76.19,True,False,caught,SJ Harmison,AJ Strauss,False,True,,DRAWN,,False,
238186,238186_2,2006-03-09,2006,3,TEST,Test Series,2005/06,India,England,"Punjab Cricket Association IS Bindra Stadium, Mohali",Chandigarh,Unknown,NEUTRAL,2,6,16,22,3,0,16,72.73,True,False,caught,SJ Harmison,GO Jones,False,True,301,WON,9 wickets,False,
238188,238188_1,2006-03-28,2006,3,ODI,England in India ODI Series,2005/06,India,England,Feroz Shah Kotla,Delhi,India,HOME,1,8,20,28,2,0,14,71.43,True,False,caught,LE Plunkett,PD Collingwood,False,False,,WON,39 runs,False,
238189,238189_2,2006-03-31,2006,3,ODI,England in India ODI Series,2005/06,India,England,Nahar Singh Stadium,Faridabad,Unknown,NEUTRAL,2,7,38,55,2,0,27,69.09,True,False,bowled,A Flintoff,,False,True,227,WON,4 wickets,False,
238190,238190_1,2006-04-03,2006,4,ODI,England in India ODI Series,2005/06,India,England,"Nehru Stadium, Fatorda",Margao,India,HOME,1,7,13,6,1,1,0,216.67,False,True,not out,,,False,False,,WON,49 runs,False,
238193,238193_1,2006-04-12,2006,4,ODI,England in India ODI Series,2005/06,India,England,Keenan Stadium,Jamshedpur,Unknown,NEUTRAL,1,2,96,106,10,3,60,90.57,True,False,caught,SI Mahmood,VS Solanki,False,False,,LOST,5 wickets,False,
244510,244510_1,2006-04-18,2006,4,ODI,DLF Cup,2005/06,India,Pakistan,Sheikh Zayed Stadium,Abu Dhabi,United Arab Emirates,NEUTRAL,1,7,3,10,0,0,7,30.0,True,False,bowled,Shoaib Malik,,False,False,,LOST,6 wickets,False,
244511,244511_1,2006-04-19,2006,4,ODI,DLF Cup,2005/06,India,Pakistan,Sheikh Zayed Stadium,Abu Dhabi,United Arab Emirates,NEUTRAL,1,3,59,72,5,0,34,81.94,True,False,bowled,Naved-ul-Hasan,,False,False,,WON,51 runs,False,
239916,239916_2,2006-05-20,2006,5,ODI,India in West Indies ODI Series,2006,India,West Indies,"Sabina Park, Kingston",Jamaica,Jamaica,AWAY,2,7,2,7,0,0,5,28.57,True,False,bowled,JE Taylor,,False,True,199,LOST,1 runs,False,
239917,239917_1,2006-05-23,2006,5,ODI,India in West Indies ODI Series,2006,India,West Indies,"Warner Park, Basseterre",St Kitts,Saint Kitts and Nevis,NEUTRAL,1,5,15,26,1,0,15,57.69,True,False,run out,CH Gayle,CH Gayle,False,False,,LOST,4 wickets,False,
239918,239918_1,2006-05-26,2006,5,ODI,India in West Indies ODI Series,2006,India,West Indies,"Queen's Park Oval, Port of Spain",Trinidad,Trinidad and Tobago,AWAY,1,6,46,58,6,0,31,79.31,False,True,not out,,,False,False,,LOST,6 wickets,False,
239919,239919_2,2006-05-28,2006,5,ODI,India in West Indies ODI Series,2006,India,West Indies,"Queen's Park Oval, Port of Spain",Trinidad,Trinidad and Tobago,AWAY,2,3,14,19,2,0,12,73.68,True,False,bowled,WW Hinds,,False,True,256,LOST,19 runs,False,
239920,239920_1,2006-06-02,2006,6,TEST,Test Series,2006,India,West Indies,"Antigua Recreation Ground, St John's",Antigua,West Indies,AWAY,1,7,19,27,2,0,17,70.37,True,False,caught,CD Collymore,BC Lara,False,False,,DRAWN,,False,
239920,239920_3,2006-06-02,2006,6,TEST,Test Series,2006,India,West Indies,"Antigua Recreation Ground, St John's",Antigua,West Indies,AWAY,3,7,69,52,4,6,29,132.69,True,False,caught,D Mohammed,D Ganga,False,False,,DRAWN,,False,
239921,239921_1,2006-06-10,2006,6,TEST,Test Series,2006,India,West Indies,"Daren Sammy National Cricket Stadium, Gros Islet",St Lucia,West Indies,AWAY,1,7,9,34,0,0,27,26.47,True,False,caught,IDR Bradshaw,D Ganga,False,False,,DRAWN,,False,
239922,239922_2,2006-06-22,2006,6,TEST,Test Series,2006,India,West Indies,"Warner Park, Basseterre",St Kitts,Saint Kitts and Nevis,NEUTRAL,2,7,29,56,5,0,42,51.79,True,False,lbw,CD Collymore,,False,True,582,DRAWN,,False,
239922,239922_4,2006-06-22,2006,6,TEST,Test Series,2006,India,West Indies,"Warner Park, Basseterre",St Kitts,Saint Kitts and Nevis,NEUTRAL,4,5,20,32,0,2,23,62.5,True,False,caught,JE Taylor,CH Gayle,False,True,,DRAWN,,False,
239923,239923_1,2006-06-30,2006,6,TEST,Test Series,2006,India,West Indies,"Sabina Park, Kingston",Jamaica,Jamaica,AWAY,1,7,3,4,0,0,3,75.0,True,False,caught,CD Collymore,DJ Bravo,False,False,,WON,49 runs,False,
239923,239923_3,2006-06-30,2006,6,TEST,Test Series,2006,India,West Indies,"Sabina Park, Kingston",Jamaica,Jamaica,AWAY,3,7,19,39,4,0,33,48.72,True,False,bowled,JE Taylor,,False,False,,WON,49 runs,False,
256607,256607_1,2006-09-14,2006,9,ODI,DLF Cup,2006/07,India,West Indies,Kinrara Academy Oval,Kuala Lumpur,Unknown,NEUTRAL,1,5,2,10,0,0,8,20.0,True,False,bowled,JE Taylor,,False,False,,LOST,29 runs,False,
256612,256612_1,2006-09-20,2006,9,ODI,DLF Cup,2006/07,India,West Indies,Kinrara Academy Oval,Kuala Lumpur,Unknown,NEUTRAL,1,6,18,13,4,0,6,138.46,True,False,bowled,CD Collymore,,False,False,,WON,16 runs,False,
256614,256614_2,2006-09-22,2006,9,ODI,DLF Cup,2006/07,India,Australia,Kinrara Academy Oval,Kuala Lumpur,Unknown,NEUTRAL,2,7,23,34,0,1,15,67.65,True,False,caught,B Lee,DR Martyn,False,True,214,LOST,18 runs,False,
249745,249745_2,2006-10-15,2006,10,ODI,ICC Champions Trophy,2006/07,India,England,Sawai Mansingh Stadium,Jaipur,India,HOME,2,6,7,22,0,0,15,31.82,True,False,caught,JWM Dalrymple,PD Collingwood,False,True,126,WON,4 wickets,False,
249753,249753_1,2006-10-26,2006,10,ODI,ICC Champions Trophy,2006/07,India,West Indies,"Sardar Patel Stadium, Motera",Ahmedabad,India,HOME,1,6,51,65,1,2,30,78.46,True,False,run out,DJ Bravo,"CS Baugh, S Chanderpaul",False,False,,LOST,3 wickets,False,
249756,249756_1,2006-10-29,2006,10,ODI,ICC Champions Trophy,2006/07,India,Australia,"Punjab Cricket Association Stadium, Mohali",Chandigarh,India,HOME,1,6,28,23,2,0,4,121.74,True,False,lbw,NW Bracken,,False,False,,LOST,6 wickets,False,
249211,249211_2,2006-11-22,2006,11,ODI,India in South Africa ODI Series,2006/07,India,South Africa,Kingsmead,Durban,South Africa,AWAY,2,5,14,27,3,0,21,51.85,True,False,caught,A Nel,MV Boucher,False,True,249,LOST,157 runs,False,
249212,249212_2,2006-11-26,2006,11,ODI,India in South Africa ODI Series,2006/07,India,South Africa,Newlands,Cape Town,South Africa,AWAY,2,6,55,48,3,4,24,114.58,True,False,caught,JH Kallis,LE Bosman,False,True,275,LOST,106 runs,False,
249213,249213_2,2006-11-29,2006,11,ODI,India in South Africa ODI Series,2006/07,India,South Africa,St George's Park,Port Elizabeth,South Africa,AWAY,2,6,26,21,4,1,11,123.81,True,False,caught,A Nel,AG Prince,False,True,244,LOST,80 runs,False,
255954,255954_2,2006-12-01,2006,12,T20I,T20I Series,2006/07,India,South Africa,New Wanderers Stadium,Johannesburg,South Africa,AWAY,2,4,0,2,0,0,2,0.0,True,False,bowled,CK Langeveldt,,False,True,127,WON,6 wickets,False,
249214,249214_1,2006-12-03,2006,12,ODI,India in South Africa ODI Series,2006/07,India,South Africa,SuperSport Park,Centurion,South Africa,AWAY,1,5,44,49,2,2,21,89.8,True,False,caught,M Ntini,A Nel,False,False,,LOST,9 wickets,False,
249215,249215_1,2006-12-15,2006,12,TEST,Test Series,2006/07,India,South Africa,The Wanderers Stadium,Johannesburg,South Africa,AWAY,1,7,5,20,0,0,16,25.0,True,False,caught,M Ntini,SM Pollock,False,False,,WON,123 runs,False,
249215,249215_3,2006-12-15,2006,12,TEST,Test Series,2006/07,India,South Africa,The Wanderers Stadium,Johannesburg,South Africa,AWAY,3,7,18,25,3,0,16,72.0,True,False,caught,SM Pollock,MV Boucher,False,False,,WON,123 runs,False,
249216,249216_2,2006-12-26,2006,12,TEST,Test Series,2006/07,India,South Africa,Kingsmead,Durban,South Africa,AWAY,2,7,34,39,7,0,24,87.18,True,False,caught,M Morkel,AB de Villiers,False,True,329,LOST,174 runs,False,
249216,249216_4,2006-12-26,2006,12,TEST,Test Series,2006/07,India,South Africa,Kingsmead,Durban,South Africa,AWAY,4,7,47,67,10,0,49,70.15,True,False,caught,A Nel,MV Boucher,False,True,,LOST,174 runs,False,
267709,267709_1,2007-01-31,2007,1,ODI,West Indies in India ODI Series,2006/07,India,West Indies,Indian Petrochemicals Corporation Limited Sports Complex Ground,Vadodara,India,HOME,1,5,40,20,1,3,2,200.0,False,True,not out,,,False,False,,WON,160 runs,False,
267712,267712_2,2007-02-11,2007,2,ODI,Sri Lanka in India ODI Series,2006/07,India,Sri Lanka,Madhavrao Scindia Cricket Ground,Rajkot,India,HOME,2,6,48,68,1,0,24,70.59,True,False,caught,ST Jayasuriya,MF Maharoof,False,True,258,LOST,5 runs,False,
267715,267715_2,2007-02-14,2007,2,ODI,Sri Lanka in India ODI Series,2006/07,India,Sri Lanka,"Nehru Stadium, Fatorda",Margao,India,HOME,2,6,67,74,4,0,25,90.54,False,True,not out,,,False,True,231,WON,5 wickets,False,
247464,247464_1,2007-03-17,2007,3,ODI,ICC World Cup,2006/07,India,Bangladesh,"Queen's Park Oval, Port of Spain",Trinidad,Trinidad and Tobago,NEUTRAL,1,7,0,3,0,0,3,0.0,True,False,caught,Mohammad Rafique,Aftab Ahmed,False,False,,LOST,5 wickets,False,
247468,247468_1,2007-03-19,2007,3,ODI,ICC World Cup,2006/07,India,Bermuda,"Queen's Park Oval, Port of Spain",Trinidad,Trinidad and Tobago,NEUTRAL,1,4,29,25,2,1,7,116.0,True,False,caught,DCC Borden,JJ Tucker,False,False,,WON,257 runs,False,
247476,247476_2,2007-03-23,2007,3,ODI,ICC World Cup,2006/07,India,Sri Lanka,"Queen's Park Oval, Port of Spain",Trinidad,Trinidad and Tobago,NEUTRAL,2,7,0,1,0,0,1,0.0,True,False,lbw,M Muralitharan,,False,True,255,LOST,69 runs,False,
282688,282688_2,2007-05-10,2007,5,ODI,India in Bangladesh ODI Series,2007,India,Bangladesh,Shere Bangla National Stadium,Mirpur,Pakistan,NEUTRAL,2,3,91,106,7,0,43,85.85,False,True,not out,,,False,True,251,WON,5 wickets,True,
282689,282689_1,2007-05-12,2007,5,ODI,India in Bangladesh ODI Series,2007,India,Bangladesh,Shere Bangla National Stadium,Mirpur,Pakistan,NEUTRAL,1,3,36,54,4,0,32,66.67,True,False,caught,Mohammad Rafique,Mushfiqur Rahim,False,False,,WON,46 runs,False,
282691,282691_1,2007-05-18,2007,5,TEST,Test Series,2007,India,Bangladesh,Zahur Ahmed Chowdhury Stadium,Chattogram,Unknown,NEUTRAL,1,6,36,38,6,0,22,94.74,True,False,caught,Mashrafe Mortaza,Javed Omar,False,False,,DRAWN,,False,
282691,282691_3,2007-05-18,2007,5,TEST,Test Series,2007,India,Bangladesh,Zahur Ahmed Chowdhury Stadium,Chattogram,Unknown,NEUTRAL,3,6,17,17,1,1,8,100.0,False,True,not out,,,False,False,,DRAWN,,False,
282692,282692_1,2007-05-25,2007,5,TEST,Test Series,2007,India,Bangladesh,"Shere Bangla National Stadium, Mirpur",Dhaka,Pakistan,NEUTRAL,1,6,51,50,3,4,27,102.0,False,True,not out,,,False,False,,WON,239 runs,False,
289107,289107_1,2007-06-06,2007,6,ODI,Afro-Asia Cup,2007,Asia XI,Africa XI,M Chinnaswamy Stadium,Bangalore,India,NEUTRAL,1,7,2,4,0,0,2,50.0,True,False,run out,TM Odoyo,"AB de Villiers, TM Odoyo",False,False,,WON,34 runs,False,
289108,289108_1,2007-06-09,2007,6,ODI,Afro-Asia Cup,2007,Asia XI,Africa XI,"MA Chidambaram Stadium, Chepauk",Chennai,India,NEUTRAL,1,4,33,38,2,2,22,86.84,True,False,bowled,JA Morkel,,False,False,,WON,31 runs,False,
289110,289110_1,2007-06-10,2007,6,ODI,Afro-Asia Cup,2007,Asia XI,Africa XI,"MA Chidambaram Stadium, Chepauk",Chennai,India,NEUTRAL,1,7,139,97,15,5,31,143.3,False,True,not out,,,False,False,,WON,13 runs,True,
293077,293077_2,2007-06-29,2007,6,ODI,Future Cup,2007,India,South Africa,"Civil Service Cricket Club, Stormont",Belfast,Unknown,NEUTRAL,2,5,0,4,0,0,4,0.0,True,False,bowled,M Ntini,,False,True,227,WON,6 wickets,False,
293078,293078_2,2007-07-01,2007,7,ODI,Future Cup,2007,India,South Africa,"Civil Service Cricket Club, Stormont",Belfast,Unknown,NEUTRAL,2,6,14,11,2,0,3,127.27,False,True,not out,,,False,True,149,WON,6 wickets,False,
258468,258468_2,2007-07-19,2007,7,TEST,Test Series,2007,India,England,Lord's,London,England,AWAY,2,8,0,5,0,0,5,0.0,True,False,caught,JM Anderson,IR Bell,False,True,299,DRAWN,,False,
258468,258468_4,2007-07-19,2007,7,TEST,Test Series,2007,India,England,Lord's,London,England,AWAY,4,7,76,159,10,0,118,47.8,False,True,not out,,,False,True,,DRAWN,,False,
258469,258469_2,2007-07-27,2007,7,TEST,Test Series,2007,India,England,Trent Bridge,Nottingham,England,AWAY,2,7,5,6,1,0,4,83.33,True,False,caught,RJ Sidebottom,MJ Prior,False,True,199,WON,7 wickets,False,
258470,258470_1,2007-08-09,2007,8,TEST,Test Series,2007,India,England,Kennington Oval,London,England,AWAY,1,7,92,81,9,4,42,113.58,True,False,caught,KP Pietersen,AN Cook,False,False,,DRAWN,,False,
258470,258470_3,2007-08-09,2007,8,TEST,Test Series,2007,India,England,Kennington Oval,London,England,AWAY,3,7,36,64,4,0,42,56.25,True,False,caught,CT Tremlett,MJ Prior,False,False,,DRAWN,,False,
258471,258471_2,2007-08-21,2007,8,ODI,NatWest Series,2007,India,England,The Rose Bowl,Southampton,England,AWAY,2,6,19,60,1,0,41,31.67,True,False,caught,A Flintoff,MJ Prior,False,True,289,LOST,104 runs,False,
258472,258472_1,2007-08-24,2007,8,ODI,NatWest Series,2007,India,England,County Ground,Bristol,England,AWAY,1,5,21,18,3,0,6,116.67,True,False,caught,JM Anderson,CT Tremlett,False,False,,WON,9 runs,False,
258473,258473_2,2007-08-27,2007,8,ODI,NatWest Series,2007,India,England,Edgbaston,Birmingham,England,AWAY,2,6,13,20,0,0,10,65.0,True,False,caught,JM Anderson,PD Collingwood,False,True,282,LOST,42 runs,False,
258474,258474_1,2007-08-30,2007,8,ODI,NatWest Series,2007,India,England,Old Trafford,Manchester,England,AWAY,1,6,13,18,1,0,8,72.22,True,False,bowled,MS Panesar,,False,False,,LOST,3 wickets,False,
258475,258475_1,2007-09-02,2007,9,ODI,NatWest Series,2007,India,England,Headingley,Leeds,England,AWAY,1,5,24,17,3,0,4,141.18,True,False,caught,JM Anderson,MJ Prior,False,False,,WON,38 runs,False,
258476,258476_2,2007-09-05,2007,9,ODI,NatWest Series,2007,India,England,Kennington Oval,London,England,AWAY,2,6,35,37,3,0,16,94.59,True,False,bowled,SCJ Broad,,False,True,317,WON,2 wickets,False,
258477,258477_1,2007-09-08,2007,9,ODI,NatWest Series,2007,India,England,Lord's,London,England,AWAY,1,7,50,72,4,1,44,69.44,True,False,caught,A Flintoff,JM Anderson,False,False,,LOST,7 wickets,False,
287862,287862_1,2007-09-14,2007,9,T20I,ICC World Twenty20,2007/08,India,Pakistan,Kingsmead,Durban,South Africa,NEUTRAL,1,6,33,31,3,1,11,106.45,True,False,caught,Yasir Arafat,Younis Khan,True,False,,TIED,,False,
287865,287865_2,2007-09-16,2007,9,T20I,ICC World Twenty20,2007/08,India,New Zealand,New Wanderers Stadium,Johannesburg,South Africa,NEUTRAL,2,4,24,20,2,0,2,120.0,True,False,run out,SB Styris,"DL Vettori, SB Styris",True,True,191,LOST,10 runs,False,
287873,287873_1,2007-09-19,2007,9,T20I,ICC World Twenty20,2007/08,India,England,Kingsmead,Durban,South Africa,NEUTRAL,1,4,10,8,0,0,1,125.0,False,True,not out,,,True,False,,WON,18 runs,False,
287876,287876_1,2007-09-20,2007,9,T20I,ICC World Twenty20,2007/08,India,South Africa,Kingsmead,Durban,South Africa,AWAY,1,6,45,33,4,1,9,136.36,True,False,run out,JJ van der Wath,VD Philander,True,False,,WON,37 runs,False,
287878,287878_1,2007-09-22,2007,9,T20I,ICC World Twenty20,2007/08,India,Australia,Kingsmead,Durban,South Africa,NEUTRAL,1,5,36,18,4,1,2,200.0,True,False,run out,MG Johnson,AC Gilchrist,True,False,,WON,15 runs,False,Semi Final
287879,287879_1,2007-09-24,2007,9,T20I,ICC World Twenty20,2007/08,India,Pakistan,New Wanderers Stadium,Johannesburg,South Africa,NEUTRAL,1,5,6,10,0,0,5,60.0,True,False,bowled,Umar Gul,,True,False,,WON,5 runs,False,Final
297794,297794_2,2007-10-02,2007,10,ODI,Australia in India ODI Series,2007/08,India,Australia,Nehru Stadium,Kochi,India,HOME,2,6,58,88,2,2,47,65.91,True,False,caught,GB Hogg,BJ Hodge,True,True,307,LOST,84 runs,False,
297795,297795_2,2007-10-05,2007,10,ODI,Australia in India ODI Series,2007/08,India,Australia,"Rajiv Gandhi International Stadium, Uppal",Hyderabad,India,HOME,2,6,33,37,4,0,16,89.19,True,False,caught,B Lee,AC Gilchrist,True,True,291,LOST,47 runs,False,
297796,297796_1,2007-10-08,2007,10,ODI,Australia in India ODI Series,2007/08,India,Australia,Sector 16 Stadium,Chandigarh,India,HOME,1,4,50,35,5,1,6,142.86,False,True,not out,,,True,False,,WON,8 runs,True,
297797,297797_1,2007-10-11,2007,10,ODI,Australia in India ODI Series,2007/08,India,Australia,Reliance Stadium,Vadodara,India,HOME,1,6,4,7,1,0,6,57.14,True,False,caught,MG Johnson,AC Gilchrist,True,False,,LOST,9 wickets,False,
297798,297798_2,2007-10-14,2007,10,ODI,Australia in India ODI Series,2007/08,India,Australia,Vidarbha Cricket Association Ground,Nagpur,India,HOME,2,6,26,29,2,1,12,89.66,True,False,caught,MG Johnson,RT Ponting,True,True,318,LOST,18 runs,False,
297799,297799_2,2007-10-17,2007,10,ODI,Australia in India ODI Series,2007/08,India,Australia,Wankhede Stadium,Mumbai,India,HOME,2,6,5,11,1,0,9,45.45,True,False,caught,NW Bracken,AC Gilchrist,True,True,194,WON,2 wickets,False,
297800,297800_2,2007-10-20,2007,10,T20I,T20I Series,2007/08,India,Australia,Brabourne Stadium,Mumbai,India,HOME,2,5,9,5,0,1,1,180.0,False,True,not out,,,True,True,167,WON,7 wickets,False,
297801,297801_2,2007-11-05,2007,11,ODI,Pakistan in India ODI Series,2007/08,India,Pakistan,Nehru Stadium,Guwahati,India,HOME,2,4,63,77,8,0,37,81.82,True,False,caught,Shoaib Akhtar,Kamran Akmal,True,True,240,WON,5 wickets,True,
297802,297802_1,2007-11-08,2007,11,ODI,Pakistan in India ODI Series,2007/08,India,Pakistan,"Punjab Cricket Association Stadium, Mohali",Chandigarh,India,HOME,1,6,4,10,0,0,6,40.0,True,False,caught,Shoaib Akhtar,Kamran Akmal,True,False,,LOST,4 wickets,False,
297803,297803_1,2007-11-11,2007,11,ODI,Pakistan in India ODI Series,2007/08,India,Pakistan,Green Park,Kanpur,India,HOME,1,5,49,52,4,2,24,94.23,True,False,bowled,Shoaib Akhtar,,True,False,,WON,46 runs,False,
297804,297804_2,2007-11-15,2007,11,ODI,Pakistan in India ODI Series,2007/08,India,Pakistan,Captain Roop Singh Stadium,Gwalior,India,HOME,2,6,45,45,3,1,18,100.0,False,True,not out,,,True,True,256,WON,6 wickets,False,
297805,297805_2,2007-11-18,2007,11,ODI,Pakistan in India ODI Series,2007/08,India,Pakistan,Sawai Mansingh Stadium,Jaipur,India,HOME,2,7,24,32,1,0,11,75.0,True,False,caught,Shoaib Malik,Imran Nazir,True,True,307,LOST,31 runs,False,
297806,297806_2,2007-11-22,2007,11,TEST,Test Series,2007/08,India,Pakistan,Arun Jaitley Stadium,Delhi,India,HOME,2,7,57,93,8,0,59,61.29,True,False,caught,Danish Kaneria,Kamran Akmal,False,True,232,WON,6 wickets,False,
297807,297807_1,2007-11-30,2007,11,TEST,Test Series,2007/08,India,Pakistan,Eden Gardens,Kolkata,India,HOME,1,7,50,82,6,1,55,60.98,False,True,not out,,,False,False,,DRAWN,,False,
297807,297807_3,2007-11-30,2007,11,TEST,Test Series,2007/08,India,Pakistan,Eden Gardens,Kolkata,India,HOME,3,3,37,61,2,0,31,60.66,True,False,bowled,Shoaib Akhtar,,False,False,,DRAWN,,False,
291351,291351_2,2007-12-26,2007,12,TEST,Test Series,2007/08,India,Australia,Melbourne Cricket Ground,,Australia,AWAY,2,7,0,2,0,0,2,0.0,True,False,lbw,SR Clark,,False,True,344,LOST,337 runs,False,
291351,291351_4,2007-12-26,2007,12,TEST,Test Series,2007/08,India,Australia,Melbourne Cricket Ground,,Australia,AWAY,4,7,11,32,2,0,27,34.38,True,False,caught,MG Johnson,AC Gilchrist,False,True,,LOST,337 runs,False,
291352,291352_2,2008-01-02,2008,1,TEST,Test Series,2007/08,India,Australia,Sydney Cricket Ground,,Australia,AWAY,2,7,2,13,0,0,11,15.38,True,False,caught,B Lee,AC Gilchrist,False,True,464,LOST,122 runs,False,
291352,291352_4,2008-01-02,2008,1,TEST,Test Series,2007/08,India,Australia,Sydney Cricket Ground,,Australia,AWAY,4,7,35,82,6,0,67,42.68,True,False,lbw,A Symonds,,False,True,,LOST,122 runs,False,
291353,291353_1,2008-01-16,2008,1,TEST,Test Series,2007/08,India,Australia,Western Australia Cricket Association Ground,Perth,Australia,AWAY,1,7,19,52,2,0,42,36.54,True,False,lbw,SR Clark,,False,False,,WON,72 runs,False,
291353,291353_3,2008-01-16,2008,1,TEST,Test Series,2007/08,India,Australia,Western Australia Cricket Association Ground,Perth,Australia,AWAY,3,8,38,87,2,2,69,43.68,True,False,caught,A Symonds,AC Gilchrist,False,False,,WON,72 runs,False,
291354,291354_1,2008-01-24,2008,1,TEST,Test Series,2007/08,India,Australia,Adelaide Oval,,Australia,AWAY,1,7,16,64,1,0,54,25.0,True,False,caught,MG Johnson,A Symonds,False,False,,DRAWN,,False,
291354,291354_3,2008-01-24,2008,1,TEST,Test Series,2007/08,India,Australia,Adelaide Oval,,Australia,AWAY,3,7,20,44,3,0,33,45.45,True,False,caught,B Lee,ML Hayden,False,False,,DRAWN,,False,
291356,291356_1,2008-02-01,2008,2,T20I,T20I Series,2007/08,India,Australia,Melbourne Cricket Ground,,Australia,AWAY,1,6,9,27,0,0,18,33.33,True,False,caught,DJ Hussey,B Lee,True,False,,LOST,9 wickets,False,
291359,291359_1,2008-02-03,2008,2,ODI,Commonwealth Bank Series,2007/08,India,Australia,"Brisbane Cricket Ground, Woolloongabba",Brisbane,Australia,AWAY,1,6,37,61,1,0,32,60.66,True,False,caught,B Lee,RT Ponting,True,False,,NO_RESULT,,False,
291360,291360_1,2008-02-05,2008,2,ODI,Commonwealth Bank Series,2007/08,India,Sri Lanka,"Brisbane Cricket Ground, Woolloongabba",Brisbane,Australia,NEUTRAL,1,6,88,95,5,1,38,92.63,False,True,not out,,,True,False,,NO_RESULT,,False,
291362,291362_2,2008-02-10,2008,2,ODI,Commonwealth Bank Series,2007/08,India,Australia,Melbourne Cricket Ground,,Australia,AWAY,2,7,17,54,0,0,38,31.48,False,True,not out,,,True,True,160,WON,5 wickets,False,
291365,291365_2,2008-02-17,2008,2,ODI,Commonwealth Bank Series,2007/08,India,Australia,Adelaide Oval,,Australia,AWAY,2,6,37,50,1,0,26,74.0,True,False,run out,JR Hopes,ML Hayden,True,True,204,LOST,50 runs,False,
291366,291366_2,2008-02-19,2008,2,ODI,Commonwealth Bank Series,2007/08,India,Sri Lanka,Adelaide Oval,,Australia,NEUTRAL,2,6,50,68,0,0,30,73.53,False,True,not out,,,True,True,239,WON,2 wickets,False,
291368,291368_2,2008-02-24,2008,2,ODI,Commonwealth Bank Series,2007/08,India,Australia,Sydney Cricket Ground,,Australia,AWAY,2,6,36,66,4,0,42,54.55,True,False,caught,B Lee,AC Gilchrist,True,True,318,LOST,18 runs,False,
291371,291371_2,2008-03-02,2008,3,ODI,Commonwealth Bank Series,2007/08,India,Australia,Sydney Cricket Ground,,Australia,AWAY,2,6,15,12,3,0,6,125.0,False,True,not out,,,True,True,240,WON,6 wickets,False,Final
291372,291372_1,2008-03-04,2008,3,ODI,Commonwealth Bank Series,2007/08,India,Australia,"Brisbane Cricket Ground, Woolloongabba",Brisbane,Australia,AWAY,1,5,36,37,2,1,14,97.3,True,False,caught,NW Bracken,MJ Clarke,True,False,,WON,9 runs,False,Final
332911,332911_2,2008-03-26,2008,3,TEST,Test Series,2007/08,India,South Africa,"MA Chidambaram Stadium, Chepauk",Chennai,India,HOME,2,7,16,33,2,0,24,48.48,True,False,caught,DW Steyn,MV Boucher,False,True,541,DRAWN,,False,
332912,332912_1,2008-04-03,2008,4,TEST,Test Series,2007/08,India,South Africa,"Sardar Patel Stadium, Motera",Ahmedabad,India,HOME,1,6,14,22,3,0,18,63.64,True,False,caught,M Morkel,MV Boucher,False,False,,LOST,90 runs,False,
332912,332912_3,2008-04-03,2008,4,TEST,Test Series,2007/08,India,South Africa,"Sardar Patel Stadium, Motera",Ahmedabad,India,HOME,3,6,52,132,5,0,100,39.39,True,False,caught,M Ntini,GC Smith,False,False,,LOST,90 runs,False,
332913,332913_2,2008-04-11,2008,4,TEST,Test Series,2007/08,India,South Africa,Green Park,Kanpur,India,HOME,2,7,32,54,5,0,40,59.26,True,False,stumped,PL Harris,MV Boucher,True,True,266,WON,8 wickets,False,
335983,335983_1,2008-04-19,2008,4,IPL,Indian Premier League,2007/08,Chennai Super Kings,Kings XI Punjab,"Punjab Cricket Association Stadium, Mohali",Chandigarh,India,AWAY,1,4,2,3,0,0,1,66.67,True,False,lbw,JR Hopes,,False,False,,WON,33 runs,False,
335989,335989_1,2008-04-23,2008,4,IPL,Indian Premier League,2007/08,Chennai Super Kings,Mumbai Indians,"MA Chidambaram Stadium, Chepauk",Chennai,India,HOME,1,5,30,16,4,1,4,187.5,True,False,caught,MA Khote,DJ Bravo,False,False,,WON,6 runs,False,
335993,335993_2,2008-04-26,2008,4,IPL,Indian Premier League,2007/08,Chennai Super Kings,Kolkata Knight Riders,"MA Chidambaram Stadium, Chepauk",Chennai,India,HOME,2,3,43,27,3,2,6,159.26,False,True,not out,,,False,True,148,WON,9 wickets,False,
335996,335996_1,2008-04-28,2008,4,IPL,Indian Premier League,2007/08,Chennai Super Kings,Royal Challengers Bangalore,M Chinnaswamy Stadium,Bangalore,India,AWAY,1,5,65,30,9,3,10,216.67,True,False,caught,Z Khan,R Vinay Kumar,False,False,,WON,13 runs,True,
336001,336001_1,2008-05-02,2008,5,IPL,Indian Premier League,2007/08,Chennai Super Kings,Delhi Daredevils,"MA Chidambaram Stadium, Chepauk",Chennai,India,HOME,1,4,32,27,2,1,8,118.52,True,False,caught,Mohammad Asif,Shoaib Malik,False,False,,LOST,8 wickets,False,
336005,336005_1,2008-05-04,2008,5,IPL,Indian Premier League,2007/08,Chennai Super Kings,Rajasthan Royals,Sawai Mansingh Stadium,Jaipur,India,AWAY,1,6,1,7,0,0,6,14.29,True,False,caught,SK Warne,GC Smith,False,False,,LOST,8 wickets,False,
336007,336007_1,2008-05-06,2008,5,IPL,Indian Premier League,2007/08,Chennai Super Kings,Deccan Chargers,"MA Chidambaram Stadium, Chepauk",Chennai,India,HOME,1,6,23,31,2,0,18,74.19,True,False,caught,PP Ojha,Shahid Afridi,False,False,,LOST,7 wickets,False,
336009,336009_2,2008-05-08,2008,5,IPL,Indian Premier League,2007/08,Chennai Super Kings,Delhi Daredevils,Feroz Shah Kotla,Delhi,India,AWAY,2,3,33,33,3,0,10,100.0,True,False,caught,VY Mahesh,AB de Villiers,False,True,188,WON,4 wickets,True,
336013,336013_1,2008-05-10,2008,5,IPL,Indian Premier League,2007/08,Chennai Super Kings,Kings XI Punjab,"MA Chidambaram Stadium, Chepauk",Chennai,India,HOME,1,5,60,43,2,4,12,139.53,False,True,not out,,,False,False,,WON,18 runs,False,
336018,336018_1,2008-05-14,2008,5,IPL,Indian Premier League,2007/08,Chennai Super Kings,Mumbai Indians,Wankhede Stadium,Mumbai,India,AWAY,1,6,43,35,6,1,14,122.86,False,True,not out,,,False,False,,LOST,9 wickets,False,
336029,336029_2,2008-05-21,2008,5,IPL,Indian Premier League,2007/08,Chennai Super Kings,Royal Challengers Bangalore,"MA Chidambaram Stadium, Chepauk",Chennai,India,HOME,2,3,4,8,0,0,5,50.0,True,False,caught,R Vinay Kumar,A Kumble,False,True,127,LOST,14 runs,False,
336033,336033_2,2008-05-24,2008,5,IPL,Indian Premier League,2007/08,Chennai Super Kings,Rajasthan Royals,"MA Chidambaram Stadium, Chepauk",Chennai,India,HOME,2,5,12,8,2,0,2,150.0,True,False,caught,Sohail Tanvir,M Kaif,False,True,212,LOST,10 runs,False,
336037,336037_2,2008-05-27,2008,5,IPL,Indian Premier League,2007/08,Chennai Super Kings,Deccan Chargers,"Rajiv Gandhi International Stadium, Uppal",Hyderabad,India,AWAY,2,4,37,25,4,1,7,148.0,True,False,caught,PP Ojha,HH Gibbs,False,True,148,WON,7 wickets,False,
336040,336040_1,2008-06-01,2008,6,IPL,Indian Premier League,2007/08,Chennai Super Kings,Rajasthan Royals,Dr DY Patil Sports Academy,Mumbai,India,AWAY,1,5,29,17,1,2,2,170.59,False,True,not out,,,False,False,,LOST,3 wickets,False,Final
345469,345469_1,2008-06-10,2008,6,ODI,Kitply Cup,2008,India,Pakistan,Shere Bangla National Stadium,Mirpur,Pakistan,AWAY,1,6,24,23,5,0,14,104.35,True,False,lbw,Sohail Tanvir,,True,False,,WON,140 runs,False,
345471,345471_2,2008-06-14,2008,6,ODI,Kitply Cup,2008,India,Pakistan,Shere Bangla National Stadium,Mirpur,Pakistan,AWAY,2,7,64,59,3,2,19,108.47,True,False,caught,Shahid Afridi,Nasir Jamshed,True,True,316,LOST,25 runs,False,Final
335349,335349_1,2008-06-25,2008,6,ODI,Asia Cup,2008,India,Hong Kong,National Stadium,Karachi,Pakistan,NEUTRAL,1,4,109,96,6,6,39,113.54,False,True,not out,,,True,False,,WON,256 runs,False,
335351,335351_2,2008-06-26,2008,6,ODI,Asia Cup,2008,India,Pakistan,National Stadium,Karachi,Pakistan,AWAY,2,5,26,30,0,1,11,86.67,False,True,not out,,,True,True,300,WON,6 wickets,False,
335355,335355_1,2008-07-02,2008,7,ODI,Asia Cup,2008,India,Pakistan,National Stadium,Karachi,Pakistan,AWAY,1,5,76,96,4,0,37,79.17,True,False,caught,Sohail Tanvir,Sarfraz Ahmed,True,False,,LOST,8 wickets,False,Super Four
335356,335356_2,2008-07-03,2008,7,ODI,Asia Cup,2008,India,Sri Lanka,National Stadium,Karachi,Pakistan,NEUTRAL,2,4,67,62,5,1,24,108.06,True,False,bowled,M Muralitharan,,True,True,309,WON,6 wickets,True,Super Four
335358,335358_2,2008-07-06,2008,7,ODI,Asia Cup,2008,India,Sri Lanka,National Stadium,Karachi,Pakistan,NEUTRAL,2,5,49,74,4,0,43,66.22,True,False,caught,WPUJC Vaas,KC Sangakkara,True,True,274,LOST,100 runs,False,Final
343732,343732_1,2008-08-18,2008,8,ODI,India in Sri Lanka ODI Series,2008,India,Sri Lanka,Rangiri Dambulla International Stadium,,Sri Lanka,AWAY,1,6,6,28,0,0,23,21.43,True,False,caught,BAW Mendis,DPMD Jayawardene,True,False,,LOST,8 wickets,False,
343733,343733_2,2008-08-20,2008,8,ODI,India in Sri Lanka ODI Series,2008,India,Sri Lanka,Rangiri Dambulla International Stadium,,Sri Lanka,AWAY,2,5,39,54,3,0,26,72.22,True,False,bowled,CRD Fernando,,True,True,143,WON,3 wickets,False,
343734,343734_1,2008-08-24,2008,8,ODI,India in Sri Lanka ODI Series,2008,India,Sri Lanka,R Premadasa Stadium,Colombo,Sri Lanka,AWAY,1,6,76,80,8,0,35,95.0,True,False,caught,BAW Mendis,DPMD Jayawardene,True,False,,WON,33 runs,True,
366341,366341_1,2008-08-27,2008,8,ODI,India in Sri Lanka ODI Series,2008,India,Sri Lanka,R Premadasa Stadium,Colombo,Sri Lanka,AWAY,1,5,71,80,4,0,32,88.75,True,False,caught,T Thushara,ST Jayasuriya,True,False,,WON,46 runs,False,
343736,343736_2,2008-08-29,2008,8,ODI,India in Sri Lanka ODI Series,2008,India,Sri Lanka,R Premadasa Stadium,Colombo,Sri Lanka,AWAY,2,6,1,7,0,0,6,14.29,True,False,bowled,CRD Fernando,,True,True,228,LOST,112 runs,False,
345669,345669_2,2008-10-09,2008,10,TEST,Test Series,2008/09,India,Australia,M Chinnaswamy Stadium,Bangalore,India,HOME,2,7,9,51,0,0,40,17.65,True,False,bowled,MJ Clarke,,True,True,431,DRAWN,,False,
345670,345670_1,2008-10-17,2008,10,TEST,Test Series,2008/09,India,Australia,"Punjab Cricket Association Stadium, Mohali",Chandigarh,India,HOME,1,8,92,124,8,4,78,74.19,True,False,lbw,PM Siddle,,True,False,,WON,320 runs,True,
345670,345670_3,2008-10-17,2008,10,TEST,Test Series,2008/09,India,Australia,"Punjab Cricket Association Stadium, Mohali",Chandigarh,India,HOME,3,3,68,84,3,1,39,80.95,False,True,not out,,,True,False,,WON,320 runs,True,
345671,345671_1,2008-10-29,2008,10,TEST,Test Series,2008/09,India,Australia,Feroz Shah Kotla,Delhi,India,HOME,1,7,27,29,4,1,20,93.1,True,False,caught,SR Watson,BJ Haddin,False,False,,DRAWN,,False,
345672,345672_1,2008-11-06,2008,11,TEST,Test Series,2008/09,India,Australia,"Vidarbha Cricket Association Stadium, Jamtha",Nagpur,India,HOME,1,7,56,97,4,0,66,57.73,True,False,bowled,JJ Krejza,,True,False,,WON,172 runs,False,
345672,345672_3,2008-11-06,2008,11,TEST,Test Series,2008/09,India,Australia,"Vidarbha Cricket Association Stadium, Jamtha",Nagpur,India,HOME,3,7,55,81,4,0,49,67.9,True,False,caught,JJ Krejza,MEK Hussey,True,False,,WON,172 runs,False,
361043,361043_1,2008-11-14,2008,11,ODI,England in India ODI Series,2008/09,India,England,Madhavrao Scindia Cricket Ground,Rajkot,India,HOME,1,6,39,32,3,1,11,121.88,True,False,bowled,SJ Harmison,,True,False,,WON,158 runs,False,
361044,361044_1,2008-11-17,2008,11,ODI,England in India ODI Series,2008/09,India,England,Maharani Usharaje Trust Cricket Ground,Indore,India,HOME,1,6,15,26,1,0,14,57.69,True,False,bowled,PD Collingwood,,True,False,,WON,54 runs,False,
361045,361045_2,2008-11-20,2008,11,ODI,England in India ODI Series,2008/09,India,England,Green Park,Kanpur,India,HOME,2,6,29,51,4,0,34,56.86,False,True,not out,,,True,True,241,WON,16 runs,False,
361046,361046_1,2008-11-23,2008,11,ODI,England in India ODI Series,2008/09,India,England,M Chinnaswamy Stadium,Bangalore,India,HOME,1,5,9,5,0,1,1,180.0,True,False,bowled,SR Patel,,True,False,,WON,19 runs,False,
361047,361047_2,2008-11-26,2008,11,ODI,England in India ODI Series,2008/09,India,England,Barabati Stadium,Cuttack,India,HOME,2,4,50,61,5,0,31,81.97,True,False,lbw,GP Swann,,True,True,271,WON,6 wickets,False,
361050,361050_2,2008-12-11,2008,12,TEST,Test Series,2008/09,India,England,"MA Chidambaram Stadium, Chepauk",Chennai,India,HOME,2,7,53,82,5,0,50,64.63,True,False,caught,MS Panesar,KP Pietersen,True,True,317,WON,6 wickets,False,
361051,361051_1,2008-12-19,2008,12,TEST,Test Series,2008/09,India,England,"Punjab Cricket Association Stadium, Mohali",Chandigarh,India,HOME,1,7,29,73,3,0,57,39.73,True,False,caught,JM Anderson,OA Shah,True,False,,DRAWN,,False,
361051,361051_3,2008-12-19,2008,12,TEST,Test Series,2008/09,India,England,"Punjab Cricket Association Stadium, Mohali",Chandigarh,India,HOME,3,7,0,2,0,0,2,0.0,True,False,caught and bowled,MS Panesar,,True,False,,DRAWN,,False,
386530,386530_2,2009-01-28,2009,1,ODI,India in Sri Lanka ODI Series,2008/09,India,Sri Lanka,Rangiri Dambulla International Stadium,,Sri Lanka,AWAY,2,5,61,65,5,0,24,93.85,False,True,not out,,,True,True,247,WON,6 wickets,False,
386531,386531_1,2009-01-31,2009,1,ODI,India in Sri Lanka ODI Series,2008/09,India,Sri Lanka,R Premadasa Stadium,Colombo,Sri Lanka,AWAY,1,6,23,35,0,0,16,65.71,True,False,caught,MF Maharoof,KC Sangakkara,True,False,,WON,15 runs,False,
386532,386532_1,2009-02-03,2009,2,ODI,India in Sri Lanka ODI Series,2008/09,India,Sri Lanka,R Premadasa Stadium,Colombo,Sri Lanka,AWAY,1,5,35,45,1,0,17,77.78,False,True,not out,,,True,False,,WON,147 runs,False,
386533,386533_1,2009-02-05,2009,2,ODI,India in Sri Lanka ODI Series,2008/09,India,Sri Lanka,R Premadasa Stadium,Colombo,Sri Lanka,AWAY,1,3,94,96,4,2,39,97.92,True,False,caught,ST Jayasuriya,CRD Fernando,True,False,,WON,67 runs,False,
386534,386534_2,2009-02-08,2009,2,ODI,India in Sri Lanka ODI Series,2008/09,India,Sri Lanka,R Premadasa Stadium,Colombo,Sri Lanka,AWAY,2,6,53,58,1,2,26,91.38,True,False,caught,ST Jayasuriya,KMDN Kulasekara,True,True,321,LOST,68 runs,False,
386535,386535_2,2009-02-10,2009,2,T20I,T20I Series,2008/09,India,Sri Lanka,R Premadasa Stadium,Colombo,Sri Lanka,AWAY,2,5,13,17,1,0,7,76.47,True,False,bowled,HMCM Bandara,,True,True,172,WON,3 wickets,False,
386494,386494_1,2009-02-25,2009,2,T20I,India in New Zealand T20I Series,2008/09,India,New Zealand,AMI Stadium,Christchurch,New Zealand,AWAY,1,6,2,6,0,0,4,33.33,True,False,bowled,IG Butler,,True,False,,LOST,7 wickets,False,
366622,366622_1,2009-02-27,2009,2,T20I,India in New Zealand T20I Series,2008/09,India,New Zealand,Westpac Stadium,Wellington,New Zealand,AWAY,1,5,28,30,2,0,10,93.33,False,True,not out,,,True,False,,LOST,5 wickets,False,
366623,366623_1,2009-03-03,2009,3,ODI,India in New Zealand ODI Series,2008/09,India,New Zealand,McLean Park,Napier,New Zealand,AWAY,1,3,84,89,6,0,32,94.38,False,True,not out,,,True,False,,WON,53 runs,True,
366626,366626_1,2009-03-06,2009,3,ODI,India in New Zealand ODI Series,2008/09,India,New Zealand,Westpac Stadium,Wellington,New Zealand,AWAY,1,5,23,19,2,0,5,121.05,False,True,not out,,,True,False,,NO_RESULT,,False,
366627,366627_1,2009-03-08,2009,3,ODI,India in New Zealand ODI Series,2008/09,India,New Zealand,AMI Stadium,Christchurch,New Zealand,AWAY,1,5,68,58,5,2,18,117.24,True,False,caught,KD Mills,PD McGlashan,True,False,,WON,58 runs,False,
366625,366625_1,2009-03-14,2009,3,ODI,India in New Zealand ODI Series,2008/09,India,New Zealand,Eden Park,Auckland,New Zealand,AWAY,1,6,9,21,1,0,14,42.86,True,False,bowled,JD Ryder,,True,False,,LOST,8 wickets,False,
366628,366628_2,2009-03-18,2009,3,TEST,Test Series,2008/09,India,New Zealand,Seddon Park,Hamilton,New Zealand,AWAY,2,7,47,123,7,0,98,38.21,True,False,caught,IE O'Brien,BB McCullum,True,True,280,WON,10 wickets,False,
366629,366629_1,2009-04-03,2009,4,TEST,Test Series,2008/09,India,New Zealand,Basin Reserve,Wellington,New Zealand,AWAY,1,7,52,89,6,1,68,58.43,True,False,caught,TG Southee,IE O'Brien,True,False,,DRAWN,,False,
366629,366629_3,2009-04-03,2009,4,TEST,Test Series,2008/09,India,New Zealand,Basin Reserve,Wellington,New Zealand,AWAY,3,7,56,83,8,0,56,67.47,False,True,not out,,,True,False,,DRAWN,,False,
392181,392181_2,2009-04-18,2009,4,IPL,Indian Premier League,2009,Chennai Super Kings,Mumbai Indians,Newlands,Cape Town,South Africa,NEUTRAL,2,5,36,26,1,2,5,138.46,True,False,bowled,SL Malinga,,True,True,166,LOST,19 runs,False,
392185,392185_1,2009-04-20,2009,4,IPL,Indian Premier League,2009,Chennai Super Kings,Royal Challengers Bangalore,St George's Park,Port Elizabeth,South Africa,NEUTRAL,1,4,16,14,0,1,3,114.29,True,False,caught,P Kumar,R Bishnoi,True,False,,WON,92 runs,False,
392189,392189_2,2009-04-23,2009,4,IPL,Indian Premier League,2009,Chennai Super Kings,Delhi Daredevils,Kingsmead,Durban,South Africa,NEUTRAL,2,4,5,7,0,0,2,71.43,True,False,caught,DL Vettori,KD Karthik,True,True,190,LOST,9 runs,False,
392196,392196_1,2009-04-27,2009,4,IPL,Indian Premier League,2009,Chennai Super Kings,Deccan Chargers,Kingsmead,Durban,South Africa,NEUTRAL,1,4,22,22,1,1,8,100.0,True,False,caught,PP Ojha,Shoaib Ahmed,True,False,,LOST,6 wickets,False,
392202,392202_1,2009-04-30,2009,4,IPL,Indian Premier League,2009,Chennai Super Kings,Rajasthan Royals,SuperSport Park,Centurion,South Africa,NEUTRAL,1,6,22,19,0,1,5,115.79,False,True,not out,,,True,False,,WON,38 runs,False,
392206,392206_1,2009-05-02,2009,5,IPL,Indian Premier League,2009,Chennai Super Kings,Delhi Daredevils,New Wanderers Stadium,Johannesburg,South Africa,NEUTRAL,1,6,6,7,0,0,2,85.71,True,False,caught,DP Nannes,G Gambhir,True,False,,WON,18 runs,False,
392209,392209_1,2009-05-04,2009,5,IPL,Indian Premier League,2009,Chennai Super Kings,Deccan Chargers,Buffalo Park,East London,South Africa,NEUTRAL,1,3,58,37,6,1,4,156.76,False,True,not out,,,True,False,,WON,78 runs,True,
392214,392214_1,2009-05-07,2009,5,IPL,Indian Premier League,2009,Chennai Super Kings,Kings XI Punjab,SuperSport Park,Centurion,South Africa,NEUTRAL,1,4,56,27,7,2,6,207.41,False,True,not out,,,True,False,,WON,12 runs,False,
392224,392224_1,2009-05-14,2009,5,IPL,Indian Premier League,2009,Chennai Super Kings,Royal Challengers Bangalore,Kingsmead,Durban,South Africa,NEUTRAL,1,4,18,20,1,0,6,90.0,True,False,caught and bowled,RE van der Merwe,,True,False,,LOST,2 wickets,False,
392227,392227_2,2009-05-16,2009,5,IPL,Indian Premier League,2009,Chennai Super Kings,Mumbai Indians,St George's Park,Port Elizabeth,South Africa,NEUTRAL,2,5,23,22,2,0,8,104.55,False,True,not out,,,True,True,148,WON,7 wickets,False,
392231,392231_1,2009-05-18,2009,5,IPL,Indian Premier League,2009,Chennai Super Kings,Kolkata Knight Riders,SuperSport Park,Centurion,South Africa,NEUTRAL,1,4,40,28,4,1,6,142.86,False,True,not out,,,True,False,,LOST,7 wickets,False,
392234,392234_1,2009-05-20,2009,5,IPL,Indian Premier League,2009,Chennai Super Kings,Kings XI Punjab,Kingsmead,Durban,South Africa,NEUTRAL,1,5,2,2,0,0,1,100.0,True,False,bowled,S Sreesanth,,True,False,,WON,24 runs,False,
392238,392238_1,2009-05-23,2009,5,IPL,Indian Premier League,2009,Chennai Super Kings,Royal Challengers Bangalore,New Wanderers Stadium,Johannesburg,South Africa,NEUTRAL,1,3,28,30,0,0,8,93.33,True,False,caught,RE van der Merwe,R Vinay Kumar,True,False,,LOST,6 wickets,False,Semi Final
355994,355994_1,2009-06-06,2009,6,T20I,ICC World Twenty20,2009,India,Bangladesh,Trent Bridge,Nottingham,England,NEUTRAL,1,3,26,21,0,1,3,123.81,True,False,bowled,Naeem Islam,,True,False,,WON,25 runs,False,
356001,356001_2,2009-06-10,2009,6,T20I,ICC World Twenty20,2009,India,Ireland,Trent Bridge,Nottingham,England,NEUTRAL,2,3,14,13,1,0,5,107.69,True,False,caught,WK McCallan,JP Bray,True,True,113,WON,8 wickets,False,
356006,356006_1,2009-06-12,2009,6,T20I,ICC World Twenty20,2009,India,West Indies,Lord's,London,England,NEUTRAL,1,5,11,23,0,0,13,47.83,True,False,caught,DJ Bravo,ADS Fletcher,True,False,,LOST,7 wickets,False,
356010,356010_2,2009-06-14,2009,6,T20I,ICC World Twenty20,2009,India,England,Lord's,London,England,AWAY,2,6,30,20,3,0,3,150.0,False,True,not out,,,True,True,154,LOST,3 runs,False,
356014,356014_2,2009-06-16,2009,6,T20I,ICC World Twenty20,2009,India,South Africa,Trent Bridge,Nottingham,England,NEUTRAL,2,5,5,12,0,0,8,41.67,True,False,run out,M Morkel,"MV Boucher, M Morkel",True,True,131,LOST,12 runs,False,
377313,377313_1,2009-06-26,2009,6,ODI,India in West Indies ODI Series,2009,India,West Indies,"Sabina Park, Kingston",Jamaica,Jamaica,AWAY,1,5,41,46,2,1,15,89.13,True,False,run out,JE Taylor,D Ramdin,True,False,,WON,20 runs,False,
377314,377314_1,2009-06-28,2009,6,ODI,India in West Indies ODI Series,2009,India,West Indies,"Sabina Park, Kingston",Jamaica,Jamaica,AWAY,1,5,95,130,6,2,65,73.08,True,False,bowled,JE Taylor,,True,False,,LOST,8 wickets,False,
377315,377315_2,2009-07-03,2009,7,ODI,India in West Indies ODI Series,2009,India,West Indies,"Beausejour Stadium, Gros Islet",St Lucia,Saint Lucia,AWAY,2,3,46,34,2,1,7,135.29,False,True,not out,,,True,True,187,WON,6 wickets,True,
403382,403382_2,2009-09-11,2009,9,ODI,Compaq Cup,2009,India,New Zealand,R Premadasa Stadium,Colombo,Sri Lanka,NEUTRAL,2,5,35,65,4,0,43,53.85,False,True,not out,,,True,True,156,WON,6 wickets,False,
403381,403381_2,2009-09-12,2009,9,ODI,Compaq Cup,2009,India,Sri Lanka,R Premadasa Stadium,Colombo,Sri Lanka,AWAY,2,6,8,18,0,0,10,44.44,True,False,bowled,AD Mathews,,True,True,308,LOST,139 runs,False,
403383,403383_1,2009-09-14,2009,9,ODI,Compaq Cup,2009,India,Sri Lanka,R Premadasa Stadium,Colombo,Sri Lanka,AWAY,1,3,56,62,3,0,20,90.32,True,False,caught,SL Malinga,SHT Kandamby,True,False,,WON,46 runs,False,Final
415278,415278_2,2009-09-26,2009,9,ODI,ICC Champions Trophy,2009/10,India,Pakistan,SuperSport Park,Centurion,South Africa,NEUTRAL,2,5,3,9,0,0,6,33.33,True,False,lbw,Shahid Afridi,,True,True,303,LOST,54 runs,False,
416236,416236_2,2009-10-25,2009,10,ODI,Australia in India ODI Series,2009/10,India,Australia,Reliance Stadium,Vadodara,India,HOME,2,5,34,46,4,0,23,73.91,True,False,caught,SR Watson,B Lee,True,True,293,LOST,4 runs,False,
416237,416237_1,2009-10-28,2009,10,ODI,Australia in India ODI Series,2009/10,India,Australia,"Vidarbha Cricket Association Stadium, Jamtha",Nagpur,India,HOME,1,5,124,107,9,3,32,115.89,True,False,caught,MG Johnson,TD Paine,True,False,,WON,99 runs,True,
416238,416238_2,2009-10-31,2009,10,ODI,Australia in India ODI Series,2009/10,India,Australia,Feroz Shah Kotla,Delhi,India,HOME,2,5,71,95,6,0,42,74.74,False,True,not out,,,True,True,230,WON,6 wickets,False,
416239,416239_2,2009-11-02,2009,11,ODI,Australia in India ODI Series,2009/10,India,Australia,"Punjab Cricket Association Stadium, Mohali",Chandigarh,India,HOME,2,5,26,46,2,0,25,56.52,True,False,caught,DE Bollinger,GA Manou,True,True,251,LOST,24 runs,False,
416240,416240_2,2009-11-05,2009,11,ODI,Australia in India ODI Series,2009/10,India,Australia,"Rajiv Gandhi International Stadium, Uppal",Hyderabad,India,HOME,2,5,6,15,0,0,9,40.0,True,False,caught,CJ McKay,AC Voges,True,True,351,LOST,3 runs,False,
416241,416241_1,2009-11-08,2009,11,ODI,Australia in India ODI Series,2009/10,India,Australia,Nehru Stadium,Guwahati,India,HOME,1,5,24,77,1,0,57,31.17,True,False,lbw,DE Bollinger,,True,False,,LOST,6 wickets,False,
430881,430881_1,2009-11-16,2009,11,TEST,Test Series,2009/10,India,Sri Lanka,"Sardar Patel Stadium, Motera",Ahmedabad,India,HOME,1,7,110,159,10,1,92,69.18,True,False,caught,KTGD Prasad,HAPW Jayawardene,True,False,,DRAWN,,False,
430882,430882_1,2009-11-24,2009,11,TEST,Test Series,2009/10,India,Sri Lanka,Green Park,Kanpur,India,HOME,1,7,4,15,0,0,13,26.67,True,False,bowled,HMRKB Herath,,True,False,,WON,144 runs,False,
430883,430883_2,2009-12-02,2009,12,TEST,Test Series,2009/10,India,Sri Lanka,Brabourne Stadium,Mumbai,India,HOME,2,7,100,154,3,6,104,64.94,False,True,not out,,,True,True,394,WON,24 runs,False,
430884,430884_2,2009-12-09,2009,12,T20I,Sri Lanka in India T20I Series,2009/10,India,Sri Lanka,"Vidarbha Cricket Association Stadium, Jamtha",Nagpur,India,HOME,2,3,9,12,0,0,3,75.0,True,False,caught,ST Jayasuriya,M Pushpakumara,True,True,216,LOST,29 runs,False,
430885,430885_2,2009-12-12,2009,12,T20I,Sri Lanka in India T20I Series,2009/10,India,Sri Lanka,"Punjab Cricket Association Stadium, Mohali",Chandigarh,India,HOME,2,3,46,28,3,2,5,164.29,True,False,bowled,CRD Fernando,,True,True,207,WON,6 wickets,False,
430886,430886_1,2009-12-15,2009,12,ODI,Sri Lanka in India ODI Series,2009/10,India,Sri Lanka,Madhavrao Scindia Cricket Ground,Rajkot,India,HOME,1,3,72,53,7,3,14,135.85,True,False,caught,CRD Fernando,AD Mathews,True,False,,WON,3 runs,False,
430887,430887_1,2009-12-18,2009,12,ODI,Sri Lanka in India ODI Series,2009/10,India,Sri Lanka,"Vidarbha Cricket Association Stadium, Jamtha",Nagpur,India,HOME,1,5,107,111,8,2,46,96.4,True,False,caught,S Randiv,TM Dilshan,True,False,,LOST,3 wickets,False,
434259,434259_1,2010-01-05,2010,1,ODI,Tri-Nation Tournament in Bangladesh,2009/10,India,Sri Lanka,Shere Bangla National Stadium,Mirpur,Pakistan,NEUTRAL,1,5,37,70,3,0,42,52.86,True,False,caught,NLTC Perera,KC Sangakkara,True,False,,LOST,5 wickets,False,
434260,434260_2,2010-01-07,2010,1,ODI,Tri-Nation Tournament in Bangladesh,2009/10,India,Bangladesh,Shere Bangla National Stadium,Mirpur,Pakistan,NEUTRAL,2,5,101,107,9,0,39,94.39,False,True,not out,,,True,True,297,WON,6 wickets,True,
434263,434263_2,2010-01-11,2010,1,ODI,Tri-Nation Tournament in Bangladesh,2009/10,India,Bangladesh,Shere Bangla National Stadium,Mirpur,Pakistan,NEUTRAL,2,5,32,35,3,0,15,91.43,True,False,caught,Shakib Al Hasan,Imrul Kayes,True,True,248,WON,6 wickets,False,
434264,434264_1,2010-01-13,2010,1,ODI,Tri-Nation Tournament in Bangladesh,2009/10,India,Sri Lanka,Shere Bangla National Stadium,Mirpur,Pakistan,NEUTRAL,1,5,14,19,3,0,13,73.68,True,False,caught,KMDN Kulasekara,KC Sangakkara,True,False,,LOST,4 wickets,False,Final
434257,434257_2,2010-01-24,2010,1,TEST,Test Series,2009/10,India,Bangladesh,Shere Bangla National Stadium,Mirpur,Pakistan,NEUTRAL,2,6,89,167,9,2,118,53.29,True,False,stumped,Raqibul Hasan,Mushfiqur Rahim,True,True,234,WON,10 wickets,False,
441825,441825_2,2010-02-06,2010,2,TEST,Test Series,2009/10,India,South Africa,"Vidarbha Cricket Association Stadium, Jamtha",Nagpur,India,HOME,2,6,6,29,1,0,25,20.69,True,False,caught,PL Harris,JH Kallis,True,True,559,LOST,6 runs,False,
441825,441825_3,2010-02-06,2010,2,TEST,Test Series,2009/10,India,South Africa,"Vidarbha Cricket Association Stadium, Jamtha",Nagpur,India,HOME,3,6,25,112,3,0,93,22.32,True,False,caught,PL Harris,AB de Villiers,True,False,,LOST,6 runs,False,
441826,441826_2,2010-02-14,2010,2,TEST,Test Series,2009/10,India,South Africa,Eden Gardens,Kolkata,India,HOME,2,8,132,187,12,3,111,70.59,False,True,not out,,,True,True,297,WON,57 runs,False,
441827,441827_1,2010-02-21,2010,2,ODI,South Africa in India ODI Series,2009/10,India,South Africa,Sawai Mansingh Stadium,Jaipur,India,HOME,1,4,26,29,2,0,13,89.66,True,False,caught,JH Kallis,JA Morkel,True,False,,WON,1 runs,False,
441828,441828_1,2010-02-24,2010,2,ODI,South Africa in India ODI Series,2009/10,India,South Africa,Captain Roop Singh Stadium,Gwalior,India,HOME,1,5,68,35,7,4,8,194.29,False,True,not out,,,True,False,,WON,153 runs,False,
441829,441829_2,2010-02-27,2010,2,ODI,South Africa in India ODI Series,2009/10,India,South Africa,"Sardar Patel Stadium, Motera",Ahmedabad,India,HOME,2,5,9,7,0,1,3,128.57,True,False,caught,DW Steyn,MV Boucher,True,True,366,LOST,90 runs,False,
419110,419110_2,2010-03-14,2010,3,IPL,Indian Premier League,2009/10,Chennai Super Kings,Deccan Chargers,"MA Chidambaram Stadium, Chepauk",Chennai,India,HOME,2,6,42,29,3,2,7,144.83,True,False,bowled,A Symonds,,False,True,191,LOST,31 runs,False,
419113,419113_1,2010-03-16,2010,3,IPL,Indian Premier League,2009/10,Chennai Super Kings,Kolkata Knight Riders,Eden Gardens,Kolkata,India,AWAY,1,5,66,33,6,3,6,200.0,False,True,not out,,,False,False,,WON,55 runs,True,
419129,419129_2,2010-03-28,2010,3,IPL,Indian Premier League,2009/10,Chennai Super Kings,Rajasthan Royals,"Sardar Patel Stadium, Motera",Ahmedabad,India,AWAY,2,4,21,19,2,0,4,110.53,True,False,run out,YK Pathan,"AC Voges, NV Ojha",False,True,178,LOST,17 runs,False,
419133,419133_2,2010-03-31,2010,3,IPL,Indian Premier League,2009/10,Chennai Super Kings,Royal Challengers Bangalore,"MA Chidambaram Stadium, Chepauk",Chennai,India,HOME,2,4,14,19,1,0,10,73.68,True,False,caught,DW Steyn,R Dravid,False,True,162,WON,5 wickets,False,
419137,419137_1,2010-04-03,2010,4,IPL,Indian Premier League,2009/10,Chennai Super Kings,Rajasthan Royals,"MA Chidambaram Stadium, Chepauk",Chennai,India,HOME,1,5,0,1,0,0,1,0.0,True,False,caught,SR Watson,S Narwal,False,False,,WON,23 runs,False,
419142,419142_1,2010-04-06,2010,4,IPL,Indian Premier League,2009/10,Chennai Super Kings,Mumbai Indians,"MA Chidambaram Stadium, Chepauk",Chennai,India,HOME,1,4,31,18,4,0,2,172.22,True,False,caught and bowled,KA Pollard,,False,False,,WON,24 runs,False,
419147,419147_1,2010-04-10,2010,4,IPL,Indian Premier League,2009/10,Chennai Super Kings,Deccan Chargers,"Vidarbha Cricket Association Stadium, Jamtha",Nagpur,India,AWAY,1,4,7,13,0,0,7,53.85,True,False,bowled,PP Ojha,,False,False,,LOST,6 wickets,False,
419155,419155_1,2010-04-15,2010,4,IPL,Indian Premier League,2009/10,Chennai Super Kings,Delhi Daredevils,"MA Chidambaram Stadium, Chepauk",Chennai,India,HOME,1,3,0,2,0,0,2,0.0,True,False,caught,DP Nannes,M Manhas,False,False,,LOST,6 wickets,False,
419159,419159_2,2010-04-18,2010,4,IPL,Indian Premier League,2009/10,Chennai Super Kings,Kings XI Punjab,Himachal Pradesh Cricket Association Stadium,Dharamsala,India,AWAY,2,5,54,29,5,2,1,186.21,False,True,not out,,,False,True,193,WON,6 wickets,True,
419163,419163_1,2010-04-22,2010,4,IPL,Indian Premier League,2009/10,Chennai Super Kings,Deccan Chargers,Dr DY Patil Sports Academy,Mumbai,India,AWAY,1,5,30,32,3,0,11,93.75,True,False,caught,Harmeet Singh,RG Sharma,False,False,,WON,38 runs,False,Semi Final
419165,419165_1,2010-04-25,2010,4,IPL,Indian Premier League,2009/10,Chennai Super Kings,Mumbai Indians,Dr DY Patil Sports Academy,Mumbai,India,AWAY,1,5,22,15,2,1,4,146.67,True,False,caught,Z Khan,CRD Fernando,False,False,,WON,22 runs,False,Final
412682,412682_1,2010-05-02,2010,5,T20I,ICC World Twenty20,2010,India,South Africa,"Beausejour Stadium, Gros Islet",St Lucia,Saint Lucia,NEUTRAL,1,6,16,6,1,1,0,266.67,False,True,not out,,,True,False,,WON,14 runs,False,
412691,412691_2,2010-05-07,2010,5,T20I,ICC World Twenty20,2010,India,Australia,"Kensington Oval, Bridgetown",Barbados,Barbados,NEUTRAL,2,6,2,8,0,0,6,25.0,True,False,caught,SPD Smith,DJ Hussey,True,True,185,LOST,49 runs,False,
412695,412695_2,2010-05-09,2010,5,T20I,ICC World Twenty20,2010,India,West Indies,"Kensington Oval, Bridgetown",Barbados,Barbados,AWAY,2,6,29,18,2,2,5,161.11,True,False,run out,KAJ Roach,DJ Bravo,True,True,170,LOST,14 runs,False,
412699,412699_1,2010-05-11,2010,5,T20I,ICC World Twenty20,2010,India,Sri Lanka,"Beausejour Stadium, Gros Islet",St Lucia,Saint Lucia,NEUTRAL,1,4,23,19,0,1,2,121.05,False,True,not out,,,True,False,,LOST,5 wickets,False,
455232,455232_2,2010-06-16,2010,6,ODI,Asia Cup,2010,India,Bangladesh,Rangiri Dambulla International Stadium,,Sri Lanka,NEUTRAL,2,5,38,45,3,1,24,84.44,False,True,not out,,,True,True,168,WON,6 wickets,False,
455234,455234_2,2010-06-19,2010,6,ODI,Asia Cup,2010,India,Pakistan,Rangiri Dambulla International Stadium,,Sri Lanka,NEUTRAL,2,4,56,71,2,1,29,78.87,True,False,bowled,Shoaib Malik,,True,True,268,WON,3 wickets,False,
455236,455236_1,2010-06-22,2010,6,ODI,Asia Cup,2010,India,Sri Lanka,Rangiri Dambulla International Stadium,,Sri Lanka,AWAY,1,6,41,53,6,0,30,77.36,True,False,run out,HMRKB Herath,CK Kapugedera,True,False,,LOST,7 wickets,False,
455237,455237_1,2010-06-24,2010,6,ODI,Asia Cup,2010,India,Sri Lanka,Rangiri Dambulla International Stadium,,Sri Lanka,AWAY,1,4,38,50,2,1,25,76.0,True,False,caught,SHT Kandamby,KMDN Kulasekara,True,False,,WON,81 runs,False,Final
456669,456669_2,2010-07-18,2010,7,TEST,Test Series,2010,India,Sri Lanka,Galle International Stadium,,Sri Lanka,AWAY,2,7,33,47,4,0,27,70.21,True,False,bowled,M Muralitharan,,True,True,521,LOST,10 wickets,False,
456669,456669_3,2010-07-18,2010,7,TEST,Test Series,2010,India,Sri Lanka,Galle International Stadium,,Sri Lanka,AWAY,3,7,4,5,1,0,4,80.0,True,False,bowled,SL Malinga,,True,False,,LOST,10 wickets,False,
456670,456670_2,2010-07-26,2010,7,TEST,Test Series,2010,India,Sri Lanka,Sinhalese Sports Club Ground,Colombo,Sri Lanka,AWAY,2,7,76,138,7,0,86,55.07,True,False,caught and bowled,TM Dilshan,,True,True,643,DRAWN,,False,
456671,456671_2,2010-08-03,2010,8,TEST,Test Series,2010,India,Sri Lanka,P Sara Oval,Colombo,Sri Lanka,AWAY,2,7,15,30,1,0,19,50.0,True,False,caught,SL Malinga,HAPW Jayawardene,True,True,426,WON,5 wickets,False,
456662,456662_2,2010-08-10,2010,8,ODI,Sri Lanka Triangular Series,2010,India,New Zealand,Rangiri Dambulla International Stadium,,Sri Lanka,NEUTRAL,2,6,2,9,0,0,8,22.22,True,False,run out,DR Tuffey,DR Tuffey,True,True,289,LOST,200 runs,False,
456663,456663_2,2010-08-16,2010,8,ODI,Sri Lanka Triangular Series,2010,India,Sri Lanka,Rangiri Dambulla International Stadium,,Sri Lanka,AWAY,2,6,23,38,2,0,19,60.53,False,True,not out,,,True,True,171,WON,6 wickets,False,
456666,456666_1,2010-08-22,2010,8,ODI,Sri Lanka Triangular Series,2010,India,Sri Lanka,Rangiri Dambulla International Stadium,,Sri Lanka,AWAY,1,6,10,16,2,0,13,62.5,True,False,caught,NLTC Perera,KC Sangakkara,True,False,,LOST,8 wickets,False,
456665,456665_1,2010-08-25,2010,8,ODI,Sri Lanka Triangular Series,2010,India,New Zealand,Rangiri Dambulla International Stadium,,Sri Lanka,NEUTRAL,1,6,38,75,3,0,47,50.67,True,False,caught,NL McCullum,GJ Hopkins,True,False,,WON,105 runs,False,
456668,456668_2,2010-08-28,2010,8,ODI,Sri Lanka Triangular Series,2010,India,Sri Lanka,Rangiri Dambulla International Stadium,,Sri Lanka,AWAY,2,5,67,100,5,1,54,67.0,True,False,bowled,S Randiv,,True,True,300,LOST,74 runs,False,Final
464526,464526_2,2010-10-01,2010,10,TEST,Test Series,2010/11,India,Australia,"Punjab Cricket Association Stadium, Mohali",Chandigarh,India,HOME,2,7,14,28,1,1,22,50.0,True,False,caught,MG Johnson,SR Watson,True,True,429,WON,1 wickets,False,
464526,464526_4,2010-10-01,2010,10,TEST,Test Series,2010/11,India,Australia,"Punjab Cricket Association Stadium, Mohali",Chandigarh,India,HOME,4,8,2,14,0,0,12,14.29,True,False,run out,DE Bollinger,BW Hilfenhaus,True,True,,WON,1 wickets,False,
464527,464527_2,2010-10-09,2010,10,TEST,Test Series,2010/11,India,Australia,M Chinnaswamy Stadium,Bangalore,India,HOME,2,7,30,87,3,0,67,34.48,True,False,caught,NM Hauritz,MJ Clarke,True,True,479,WON,7 wickets,False,
464529,464529_2,2010-10-20,2010,10,ODI,Australia in India ODI Series,2010/11,India,Australia,Dr. Y.S. Rajasekhara Reddy ACA-VDCA Cricket Stadium,Visakhapatnam,India,HOME,2,6,0,1,0,0,1,0.0,True,False,bowled,JW Hastings,,True,True,290,WON,5 wickets,False,
464531,464531_1,2010-11-04,2010,11,TEST,Test Series,2010/11,India,New Zealand,"Sardar Patel Stadium, Motera",Ahmedabad,India,HOME,1,7,10,9,0,1,6,111.11,True,False,caught,DL Vettori,BJ Watling,True,False,,DRAWN,,False,
464531,464531_3,2010-11-04,2010,11,TEST,Test Series,2010/11,India,New Zealand,"Sardar Patel Stadium, Motera",Ahmedabad,India,HOME,3,7,22,72,1,0,55,30.56,True,False,bowled,CS Martin,,True,False,,DRAWN,,False,
464532,464532_2,2010-11-12,2010,11,TEST,Test Series,2010/11,India,New Zealand,"Rajiv Gandhi International Stadium, Uppal",Hyderabad,India,HOME,2,7,14,21,1,0,13,66.67,True,False,caught,DL Vettori,BB McCullum,True,True,351,DRAWN,,False,
464533,464533_2,2010-11-20,2010,11,TEST,Test Series,2010/11,India,New Zealand,"Vidarbha Cricket Association Stadium, Jamtha",Nagpur,India,HOME,2,7,98,156,12,1,107,62.82,True,False,caught and bowled,DL Vettori,,True,True,194,WON,198 runs,False,
463146,463146_1,2010-12-16,2010,12,TEST,Test Series,2010/11,India,South Africa,SuperSport Park,Centurion,South Africa,AWAY,1,7,33,50,2,2,36,66.0,True,False,lbw,M Morkel,,True,False,,LOST,25 runs,False,
463146,463146_3,2010-12-16,2010,12,TEST,Test Series,2010/11,India,South Africa,SuperSport Park,Centurion,South Africa,AWAY,3,8,90,106,14,0,61,84.91,True,False,caught,DW Steyn,MV Boucher,True,False,,LOST,25 runs,False,
463147,463147_1,2010-12-26,2010,12,TEST,Test Series,2010/11,India,South Africa,Kingsmead,Durban,South Africa,AWAY,1,7,35,57,3,1,40,61.4,True,False,caught,DW Steyn,AN Petersen,True,False,,WON,87 runs,False,
463147,463147_3,2010-12-26,2010,12,TEST,Test Series,2010/11,India,South Africa,Kingsmead,Durban,South Africa,AWAY,3,7,21,35,4,0,25,60.0,True,False,caught,LL Tsotsobe,MV Boucher,True,False,,WON,87 runs,False,
463148,463148_2,2011-01-02,2011,1,TEST,Test Series,2010/11,India,South Africa,Newlands,Cape Town,South Africa,AWAY,2,7,0,3,0,0,3,0.0,True,False,caught,DW Steyn,AG Prince,True,True,363,DRAWN,,False,
463149,463149_1,2011-01-09,2011,1,T20I,T20I Series,2010/11,India,South Africa,Moses Mabhida Stadium,Durban,South Africa,AWAY,1,7,10,11,0,0,2,90.91,False,True,not out,,,True,False,,WON,21 runs,False,
463150,463150_2,2011-01-12,2011,1,ODI,India in South Africa ODI Series,2010/11,India,South Africa,Kingsmead,Durban,South Africa,AWAY,2,6,25,35,1,0,18,71.43,True,False,run out,WD Parnell,WD Parnell,True,True,290,LOST,135 runs,False,
463151,463151_1,2011-01-15,2011,1,ODI,India in South Africa ODI Series,2010/11,India,South Africa,New Wanderers Stadium,Johannesburg,South Africa,AWAY,1,5,38,61,1,0,27,62.3,True,False,bowled,LL Tsotsobe,,True,False,,WON,1 runs,False,
463152,463152_2,2011-01-18,2011,1,ODI,India in South Africa ODI Series,2010/11,India,South Africa,Newlands,Cape Town,South Africa,AWAY,2,5,5,12,1,0,10,41.67,True,False,caught,J Botha,AB de Villiers,True,True,221,WON,2 wickets,False,
463153,463153_2,2011-01-21,2011,1,ODI,India in South Africa ODI Series,2010/11,India,South Africa,St George's Park,Port Elizabeth,South Africa,AWAY,2,6,2,8,0,0,6,25.0,True,False,caught,RJ Peterson,F du Plessis,True,True,266,LOST,48 runs,False,
463154,463154_2,2011-01-23,2011,1,ODI,India in South Africa ODI Series,2010/11,India,South Africa,SuperSport Park,Centurion,South Africa,AWAY,2,4,5,10,1,0,8,50.0,True,False,caught,M Morkel,GC Smith,True,True,251,LOST,33 runs,False,
433568,433568_1,2011-02-27,2011,2,ODI,ICC Cricket World Cup,2010/11,India,England,M Chinnaswamy Stadium,Bangalore,India,HOME,1,5,31,25,3,1,8,124.0,True,False,caught,TT Bresnan,LJ Wright,True,False,,TIED,,False,
433578,433578_2,2011-03-06,2011,3,ODI,ICC Cricket World Cup,2010/11,India,Ireland,M Chinnaswamy Stadium,Bangalore,India,HOME,2,6,34,50,2,0,24,68.0,True,False,lbw,GH Dockrell,,True,True,208,WON,5 wickets,False,
433582,433582_2,2011-03-09,2011,3,ODI,ICC Cricket World Cup,2010/11,India,Netherlands,Feroz Shah Kotla,Delhi,India,HOME,2,7,19,40,2,0,28,47.5,False,True,not out,,,True,True,190,WON,5 wickets,False,
433586,433586_1,2011-03-12,2011,3,ODI,ICC Cricket World Cup,2010/11,India,South Africa,"Vidarbha Cricket Association Stadium, Jamtha",Nagpur,India,HOME,1,6,12,21,0,0,9,57.14,False,True,not out,,,True,False,,LOST,3 wickets,False,
433599,433599_1,2011-03-20,2011,3,ODI,ICC Cricket World Cup,2010/11,India,West Indies,"MA Chidambaram Stadium, Chepauk",Chennai,India,HOME,1,5,22,30,1,0,13,73.33,True,False,stumped,D Bishoo,DC Thomas,True,False,,WON,80 runs,False,
433601,433601_2,2011-03-24,2011,3,ODI,ICC Cricket World Cup,2010/11,India,Australia,"Sardar Patel Stadium, Motera",Ahmedabad,India,HOME,2,6,7,8,1,0,4,87.5,True,False,caught,B Lee,MJ Clarke,True,True,261,WON,5 wickets,False,Quarter Final
433605,433605_1,2011-03-30,2011,3,ODI,ICC Cricket World Cup,2010/11,India,Pakistan,"Punjab Cricket Association Stadium, Mohali",Chandigarh,India,HOME,1,6,25,42,2,0,25,59.52,True,False,lbw,Wahab Riaz,,True,False,,WON,29 runs,False,Semi Final
433606,433606_2,2011-04-02,2011,4,ODI,ICC Cricket World Cup,2010/11,India,Sri Lanka,Wankhede Stadium,Mumbai,India,HOME,2,5,91,79,8,2,27,115.19,False,True,not out,,,True,True,275,WON,6 wickets,True,Final
501198,501198_1,2011-04-08,2011,4,IPL,Indian Premier League,2011,Chennai Super Kings,Kolkata Knight Riders,"MA Chidambaram Stadium, Chepauk",Chennai,India,HOME,1,4,29,21,1,1,2,138.1,True,False,caught,JH Kallis,MS Bisla,True,False,,WON,2 runs,False,
501206,501206_1,2011-04-13,2011,4,IPL,Indian Premier League,2011,Chennai Super Kings,Kings XI Punjab,"Punjab Cricket Association Stadium, Mohali",Chandigarh,India,AWAY,1,5,43,20,4,2,3,215.0,True,False,bowled,RJ Harris,,True,False,,LOST,6 wickets,False,
501211,501211_1,2011-04-16,2011,4,IPL,Indian Premier League,2011,Chennai Super Kings,Royal Challengers Bangalore,"MA Chidambaram Stadium, Chepauk",Chennai,India,HOME,1,4,22,16,1,1,4,137.5,True,False,caught,Z Khan,AB de Villiers,True,False,,WON,21 runs,False,
501215,501215_1,2011-04-18,2011,4,IPL,Indian Premier League,2011,Chennai Super Kings,Kochi Tuskers Kerala,Nehru Stadium,Kochi,India,AWAY,1,5,14,13,1,1,6,107.69,False,True,not out,,,True,False,,LOST,7 wickets,False,
501221,501221_2,2011-04-22,2011,4,IPL,Indian Premier League,2011,Chennai Super Kings,Mumbai Indians,Wankhede Stadium,Mumbai,India,AWAY,2,5,3,6,0,0,4,50.0,True,False,caught,KA Pollard,RG Sharma,True,True,165,LOST,8 runs,False,
501226,501226_1,2011-04-25,2011,4,IPL,Indian Premier League,2011,Chennai Super Kings,Pune Warriors,"MA Chidambaram Stadium, Chepauk",Chennai,India,HOME,1,4,26,21,2,1,8,123.81,True,False,stumped,R Sharma,RV Uthappa,True,False,,WON,25 runs,False,
501236,501236_1,2011-05-01,2011,5,IPL,Indian Premier League,2011,Chennai Super Kings,Deccan Chargers,"MA Chidambaram Stadium, Chepauk",Chennai,India,HOME,1,4,21,22,1,1,8,95.45,True,False,stumped,PP Ojha,KC Sangakkara,True,False,,WON,19 runs,False,
501249,501249_1,2011-05-09,2011,5,IPL,Indian Premier League,2011,Chennai Super Kings,Rajasthan Royals,Sawai Mansingh Stadium,Jaipur,India,AWAY,1,4,41,19,3,3,5,215.79,False,True,not out,,,True,False,,WON,63 runs,False,
501253,501253_1,2011-05-12,2011,5,IPL,Indian Premier League,2011,Chennai Super Kings,Delhi Daredevils,"MA Chidambaram Stadium, Chepauk",Chennai,India,HOME,1,5,63,31,5,4,3,203.23,False,True,not out,,,True,False,,WON,18 runs,True,
501261,501261_1,2011-05-18,2011,5,IPL,Indian Premier League,2011,Chennai Super Kings,Kochi Tuskers Kerala,"MA Chidambaram Stadium, Chepauk",Chennai,India,HOME,1,6,9,6,1,0,1,150.0,True,False,caught,RA Jadeja,PA Patel,True,False,,WON,11 runs,False,
501266,501266_1,2011-05-22,2011,5,IPL,Indian Premier League,2011,Chennai Super Kings,Royal Challengers Bangalore,M Chinnaswamy Stadium,Bangalore,India,AWAY,1,6,70,40,3,6,12,175.0,False,True,not out,,,True,False,,LOST,8 wickets,False,
501268,501268_2,2011-05-24,2011,5,IPL,Indian Premier League,2011,Chennai Super Kings,Royal Challengers Bangalore,Wankhede Stadium,Mumbai,India,AWAY,2,5,29,19,3,1,5,152.63,True,False,caught,Z Khan,A Mithun,True,True,176,WON,6 wickets,False,Qualifier 1
501271,501271_1,2011-05-28,2011,5,IPL,Indian Premier League,2011,Chennai Super Kings,Royal Challengers Bangalore,"MA Chidambaram Stadium, Chepauk",Chennai,India,HOME,1,3,22,13,0,2,4,169.23,True,False,caught,S Aravind,V Kohli,True,False,,WON,58 runs,False,Final
489226,489226_1,2011-06-20,2011,6,TEST,Test Series,2011,India,West Indies,"Sabina Park, Kingston",Jamaica,Jamaica,AWAY,1,7,0,2,0,0,2,0.0,True,False,caught,D Bishoo,LMP Simmons,True,False,,WON,63 runs,False,
489226,489226_3,2011-06-20,2011,6,TEST,Test Series,2011,India,West Indies,"Sabina Park, Kingston",Jamaica,Jamaica,AWAY,3,7,16,16,1,1,9,100.0,True,False,caught,D Bishoo,FH Edwards,True,False,,WON,63 runs,False,
489227,489227_1,2011-06-28,2011,6,TEST,Test Series,2011,India,West Indies,"Kensington Oval, Bridgetown",Barbados,Barbados,AWAY,1,7,2,13,0,0,12,15.38,True,False,caught,FH Edwards,S Chanderpaul,True,False,,DRAWN,,False,
489227,489227_3,2011-06-28,2011,6,TEST,Test Series,2011,India,West Indies,"Kensington Oval, Bridgetown",Barbados,Barbados,AWAY,3,7,5,14,0,0,11,35.71,True,False,caught,FH Edwards,S Chanderpaul,True,False,,DRAWN,,False,
489228,489228_2,2011-07-06,2011,7,TEST,Test Series,2011,India,West Indies,"Windsor Park, Roseau",Dominica,Unknown,NEUTRAL,2,7,74,133,4,0,83,55.64,True,False,caught,FH Edwards,D Bishoo,True,True,205,DRAWN,,False,
474472,474472_2,2011-07-21,2011,7,TEST,Test Series,2011,India,England,Lord's,London,England,AWAY,2,7,28,103,2,0,83,27.18,True,False,caught,CT Tremlett,GP Swann,True,True,475,LOST,196 runs,False,
474472,474472_4,2011-07-21,2011,7,TEST,Test Series,2011,India,England,Lord's,London,England,AWAY,4,7,16,49,2,0,37,32.65,True,False,caught,CT Tremlett,MJ Prior,True,True,,LOST,196 runs,False,
474473,474473_2,2011-07-29,2011,7,TEST,Test Series,2011,India,England,Trent Bridge,Nottingham,England,AWAY,2,7,5,9,1,0,7,55.56,True,False,caught,SCJ Broad,JM Anderson,True,True,222,LOST,319 runs,False,
474473,474473_4,2011-07-29,2011,7,TEST,Test Series,2011,India,England,Trent Bridge,Nottingham,England,AWAY,4,7,0,1,0,0,1,0.0,True,False,lbw,TT Bresnan,,True,True,,LOST,319 runs,False,
474474,474474_1,2011-08-10,2011,8,TEST,Test Series,2011,India,England,Edgbaston,Birmingham,England,AWAY,1,7,77,96,10,3,63,80.21,True,False,caught,SCJ Broad,AJ Strauss,True,False,,LOST,242 runs,False,
474474,474474_3,2011-08-10,2011,8,TEST,Test Series,2011,India,England,Edgbaston,Birmingham,England,AWAY,3,7,74,79,13,0,46,93.67,False,True,not out,,,True,False,,LOST,242 runs,False,
474475,474475_2,2011-08-18,2011,8,TEST,Test Series,2011,India,England,Kennington Oval,London,England,AWAY,2,7,17,50,2,0,38,34.0,True,False,caught,JM Anderson,MJ Prior,True,True,592,LOST,8 runs,False,
474475,474475_3,2011-08-18,2011,8,TEST,Test Series,2011,India,England,Kennington Oval,London,England,AWAY,3,7,3,19,0,0,16,15.79,True,False,caught,SCJ Broad,GP Swann,True,False,,LOST,8 runs,False,
474476,474476_1,2011-08-31,2011,8,T20I,T20I Series,2011,India,England,Old Trafford,Manchester,England,AWAY,1,7,8,8,1,0,3,100.0,True,False,caught,JW Dernbach,AD Hales,True,False,,LOST,6 wickets,False,
474477,474477_1,2011-09-03,2011,9,ODI,NatWest Series,2011,India,England,Riverside Ground,Chester-le-Street,England,AWAY,1,7,33,36,2,0,13,91.67,True,False,caught,TT Bresnan,C Kieswetter,True,False,,NO_RESULT,,False,
474478,474478_1,2011-09-06,2011,9,ODI,NatWest Series,2011,India,England,The Rose Bowl,Southampton,England,AWAY,1,6,6,5,1,0,2,120.0,True,False,caught,TT Bresnan,IR Bell,True,False,,LOST,7 wickets,False,
474479,474479_1,2011-09-09,2011,9,ODI,NatWest Series,2011,India,England,Kennington Oval,London,England,AWAY,1,6,69,103,5,0,54,66.99,True,False,caught,TT Bresnan,AN Cook,True,False,,LOST,3 wickets,False,
474480,474480_1,2011-09-11,2011,9,ODI,NatWest Series,2011,India,England,Lord's,London,England,AWAY,1,6,78,71,6,3,31,109.86,False,True,not out,,,True,False,,TIED,,False,
474481,474481_1,2011-09-16,2011,9,ODI,NatWest Series,2011,India,England,Sophia Gardens,Cardiff,England,AWAY,1,6,50,26,5,2,6,192.31,False,True,not out,,,True,False,,LOST,6 wickets,False,
521218,521218_1,2011-10-14,2011,10,ODI,England in India ODI Series,2011/12,India,England,"Rajiv Gandhi International Stadium, Uppal",Hyderabad,India,HOME,1,6,87,70,10,1,24,124.29,False,True,not out,,,True,False,,WON,126 runs,True,
521220,521220_2,2011-10-20,2011,10,ODI,England in India ODI Series,2011/12,India,England,"Punjab Cricket Association Stadium, Mohali",Chandigarh,India,HOME,2,6,35,31,3,0,7,112.9,False,True,not out,,,True,True,299,WON,5 wickets,False,
521221,521221_2,2011-10-23,2011,10,ODI,England in India ODI Series,2011/12,India,England,Wankhede Stadium,Mumbai,India,HOME,2,6,15,18,1,1,11,83.33,False,True,not out,,,True,True,221,WON,6 wickets,False,
521222,521222_1,2011-10-25,2011,10,ODI,England in India ODI Series,2011/12,India,England,Eden Gardens,Kolkata,India,HOME,1,6,75,69,3,4,32,108.7,False,True,not out,,,True,False,,WON,95 runs,False,
521217,521217_1,2011-10-29,2011,10,T20I,T20I Series,2011/12,India,England,Eden Gardens,Kolkata,India,HOME,1,6,21,26,0,1,14,80.77,True,False,run out,JW Dernbach,JW Dernbach,True,False,,LOST,6 wickets,False,
535997,535997_2,2011-11-06,2011,11,TEST,Test Series,2011/12,India,West Indies,Feroz Shah Kotla,Delhi,India,HOME,2,7,0,4,0,0,4,0.0,True,False,bowled,DJG Sammy,,True,True,305,WON,5 wickets,False,
535997,535997_4,2011-11-06,2011,11,TEST,Test Series,2011/12,India,West Indies,Feroz Shah Kotla,Delhi,India,HOME,4,7,0,4,0,0,4,0.0,False,True,not out,,,True,True,,WON,5 wickets,False,
535998,535998_1,2011-11-14,2011,11,TEST,Test Series,2011/12,India,West Indies,Eden Gardens,Kolkata,India,HOME,1,8,144,175,10,5,87,82.29,True,False,caught,KAJ Roach,CS Baugh,True,False,,WON,15 runs,False,
535999,535999_2,2011-11-22,2011,11,TEST,Test Series,2011/12,India,West Indies,Wankhede Stadium,Mumbai,India,HOME,2,7,8,21,1,0,17,38.1,True,False,bowled,DJG Sammy,,True,True,591,DRAWN,,False,
535999,535999_4,2011-11-22,2011,11,TEST,Test Series,2011/12,India,West Indies,Wankhede Stadium,Mumbai,India,HOME,4,7,13,37,1,0,29,35.14,True,False,caught,R Rampaul,KA Edwards,True,True,,DRAWN,,False,
518950,518950_2,2011-12-26,2011,12,TEST,Test Series,2011/12,India,Australia,Melbourne Cricket Ground,,Australia,AWAY,2,8,6,8,0,0,5,75.0,True,False,caught,BW Hilfenhaus,MEK Hussey,True,True,334,LOST,122 runs,False,
518950,518950_4,2011-12-26,2011,12,TEST,Test Series,2011/12,India,Australia,Melbourne Cricket Ground,,Australia,AWAY,4,7,23,44,0,1,29,52.27,True,False,bowled,JL Pattinson,,True,True,,LOST,122 runs,False,
518951,518951_1,2012-01-03,2012,1,TEST,Test Series,2011/12,India,Australia,Sydney Cricket Ground,,Australia,AWAY,1,7,57,77,9,0,53,74.03,False,True,not out,,,True,False,,LOST,68 runs,False,
518951,518951_3,2012-01-03,2012,1,TEST,Test Series,2011/12,India,Australia,Sydney Cricket Ground,,Australia,AWAY,3,7,2,11,0,0,10,18.18,True,False,caught and bowled,BW Hilfenhaus,,True,False,,LOST,68 runs,False,
518952,518952_1,2012-01-13,2012,1,TEST,Test Series,2011/12,India,Australia,Western Australia Cricket Association Ground,Perth,Australia,AWAY,1,7,12,22,2,0,17,54.55,True,False,caught,BW Hilfenhaus,RT Ponting,True,False,,LOST,37 runs,False,
518952,518952_3,2012-01-13,2012,1,TEST,Test Series,2011/12,India,Australia,Western Australia Cricket Association Ground,Perth,Australia,AWAY,3,7,2,16,0,0,14,12.5,True,False,caught,PM Siddle,RT Ponting,True,False,,LOST,37 runs,False,
518954,518954_2,2012-02-01,2012,2,T20I,India in Australia T20I Series,2011/12,India,Australia,Stadium Australia,Sydney,Australia,AWAY,2,6,48,43,1,3,18,111.63,False,True,not out,,,True,True,172,LOST,31 runs,False,
518955,518955_2,2012-02-03,2012,2,T20I,India in Australia T20I Series,2011/12,India,Australia,Melbourne Cricket Ground,,Australia,AWAY,2,4,21,18,2,0,6,116.67,False,True,not out,,,True,True,132,WON,8 wickets,False,
518956,518956_2,2012-02-05,2012,2,ODI,Commonwealth Bank Series,2011/12,India,Australia,Melbourne Cricket Ground,,Australia,AWAY,2,6,29,38,1,0,14,76.32,True,False,caught,XJ Doherty,DA Warner,True,True,217,LOST,65 runs,False,
518957,518957_2,2012-02-08,2012,2,ODI,Commonwealth Bank Series,2011/12,India,Sri Lanka,Western Australia Cricket Association Ground,Perth,Australia,NEUTRAL,2,6,4,5,1,0,4,80.0,True,False,caught,KTGD Prasad,SL Malinga,True,True,234,WON,4 wickets,False,
518959,518959_2,2012-02-12,2012,2,ODI,Commonwealth Bank Series,2011/12,India,Australia,Adelaide Oval,,Australia,AWAY,2,6,44,58,0,1,29,75.86,False,True,not out,,,True,True,270,WON,4 wickets,False,
518960,518960_2,2012-02-14,2012,2,ODI,Commonwealth Bank Series,2011/12,India,Sri Lanka,Adelaide Oval,,Australia,NEUTRAL,2,6,58,69,3,1,32,84.06,False,True,not out,,,True,True,237,TIED,,True,
518962,518962_2,2012-02-19,2012,2,ODI,Commonwealth Bank Series,2011/12,India,Australia,"Brisbane Cricket Ground, Woolloongabba",Brisbane,Australia,AWAY,2,6,56,84,2,1,44,66.67,True,False,caught,BW Hilfenhaus,DT Christian,True,True,289,LOST,110 runs,False,
518965,518965_2,2012-02-26,2012,2,ODI,Commonwealth Bank Series,2011/12,India,Australia,Sydney Cricket Ground,,Australia,AWAY,2,6,14,49,0,0,37,28.57,True,False,lbw,BW Hilfenhaus,,True,True,253,LOST,87 runs,False,
535795,535795_1,2012-03-13,2012,3,ODI,Asia Cup,2011/12,India,Sri Lanka,Shere Bangla National Stadium,Mirpur,Pakistan,NEUTRAL,1,4,46,26,6,1,6,176.92,False,True,not out,,,True,False,,WON,50 runs,False,
535797,535797_1,2012-03-16,2012,3,ODI,Asia Cup,2011/12,India,Bangladesh,Shere Bangla National Stadium,Mirpur,Pakistan,NEUTRAL,1,5,21,11,2,0,1,190.91,False,True,not out,,,True,False,,LOST,5 wickets,False,
535798,535798_2,2012-03-18,2012,3,ODI,Asia Cup,2011/12,India,Pakistan,Shere Bangla National Stadium,Mirpur,Pakistan,AWAY,2,6,4,1,1,0,0,400.0,False,True,not out,,,True,True,330,WON,6 wickets,False,
548306,548306_1,2012-04-04,2012,4,IPL,Indian Premier League,2012,Chennai Super Kings,Mumbai Indians,"MA Chidambaram Stadium, Chepauk",Chennai,India,HOME,1,7,4,6,0,0,2,66.67,True,False,run out,PP Ojha,"AN Ahmed, KD Karthik",True,False,,LOST,8 wickets,False,
548311,548311_1,2012-04-07,2012,4,IPL,Indian Premier League,2012,Chennai Super Kings,Deccan Chargers,Dr. Y.S. Rajasekhara Reddy ACA-VDCA Cricket Stadium,Visakhapatnam,India,AWAY,1,6,7,9,0,0,5,77.78,True,False,caught,DW Steyn,DJ Harris,True,False,,WON,74 runs,False,
548316,548316_1,2012-04-10,2012,4,IPL,Indian Premier League,2012,Chennai Super Kings,Delhi Daredevils,Feroz Shah Kotla,Delhi,India,AWAY,1,7,11,18,0,0,8,61.11,True,False,caught,M Morkel,DPMD Jayawardene,True,False,,LOST,8 wickets,False,
548318,548318_2,2012-04-12,2012,4,IPL,Indian Premier League,2012,Chennai Super Kings,Royal Challengers Bangalore,"MA Chidambaram Stadium, Chepauk",Chennai,India,HOME,2,4,41,24,1,2,3,170.83,True,False,caught,Z Khan,TM Dilshan,True,True,206,WON,5 wickets,False,
548322,548322_1,2012-04-14,2012,4,IPL,Indian Premier League,2012,Chennai Super Kings,Pune Warriors,Subrata Roy Sahara Stadium,Pune,India,AWAY,1,4,26,28,1,0,7,92.86,True,False,caught,AB Dinda,M Kartik,True,False,,LOST,7 wickets,False,
548330,548330_1,2012-04-19,2012,4,IPL,Indian Premier League,2012,Chennai Super Kings,Pune Warriors,"MA Chidambaram Stadium, Chepauk",Chennai,India,HOME,1,4,28,12,3,1,0,233.33,False,True,not out,,,True,False,,WON,13 runs,False,
548332,548332_2,2012-04-21,2012,4,IPL,Indian Premier League,2012,Chennai Super Kings,Rajasthan Royals,"MA Chidambaram Stadium, Chepauk",Chennai,India,HOME,2,4,15,12,1,0,3,125.0,False,True,not out,,,True,True,147,WON,7 wickets,False,
548343,548343_2,2012-04-28,2012,4,IPL,Indian Premier League,2012,Chennai Super Kings,Kings XI Punjab,"MA Chidambaram Stadium, Chepauk",Chennai,India,HOME,2,6,1,4,0,0,3,25.0,True,False,run out,BA Bhatt,N Saini,True,True,157,LOST,7 runs,False,
548347,548347_1,2012-04-30,2012,4,IPL,Indian Premier League,2012,Chennai Super Kings,Kolkata Knight Riders,"MA Chidambaram Stadium, Chepauk",Chennai,India,HOME,1,5,34,30,2,0,6,113.33,False,True,not out,,,True,False,,LOST,5 wickets,False,
548352,548352_1,2012-05-04,2012,5,IPL,Indian Premier League,2012,Chennai Super Kings,Deccan Chargers,"MA Chidambaram Stadium, Chepauk",Chennai,India,HOME,1,4,34,28,2,0,5,121.43,True,False,bowled,DT Christian,,True,False,,WON,10 runs,False,
548355,548355_1,2012-05-06,2012,5,IPL,Indian Premier League,2012,Chennai Super Kings,Mumbai Indians,Wankhede Stadium,Mumbai,India,AWAY,1,5,25,15,2,1,2,166.67,True,False,caught,RP Singh,RG Sharma,True,False,,LOST,2 wickets,False,
548361,548361_2,2012-05-10,2012,5,IPL,Indian Premier League,2012,Chennai Super Kings,Rajasthan Royals,Sawai Mansingh Stadium,Jaipur,India,AWAY,2,5,10,16,1,0,10,62.5,True,False,caught,SK Trivedi,AM Rahane,True,True,127,WON,4 wickets,False,
548368,548368_2,2012-05-14,2012,5,IPL,Indian Premier League,2012,Chennai Super Kings,Kolkata Knight Riders,Eden Gardens,Kolkata,India,AWAY,2,5,28,21,3,1,8,133.33,True,False,bowled,R Bhatia,,True,True,159,WON,5 wickets,False,
548371,548371_1,2012-05-17,2012,5,IPL,Indian Premier League,2012,Chennai Super Kings,Kings XI Punjab,Himachal Pradesh Cricket Association Stadium,Dharamsala,India,AWAY,1,4,6,16,1,0,13,37.5,True,False,caught,P Awana,N Saini,True,False,,LOST,6 wickets,False,
548379,548379_1,2012-05-23,2012,5,IPL,Indian Premier League,2012,Chennai Super Kings,Mumbai Indians,M Chinnaswamy Stadium,Bangalore,India,AWAY,1,5,51,20,6,2,1,255.0,False,True,not out,,,True,False,,WON,38 runs,True,Elimination Final
548380,548380_1,2012-05-25,2012,5,IPL,Indian Premier League,2012,Chennai Super Kings,Delhi Daredevils,"MA Chidambaram Stadium, Chepauk",Chennai,India,HOME,1,4,23,10,1,2,1,230.0,True,False,caught,VR Aaron,P Negi,True,False,,WON,86 runs,False,Qualifier 2
548381,548381_1,2012-05-27,2012,5,IPL,Indian Premier League,2012,Chennai Super Kings,Kolkata Knight Riders,"MA Chidambaram Stadium, Chepauk",Chennai,India,HOME,1,4,14,9,2,0,1,155.56,False,True,not out,,,True,False,,LOST,5 wickets,False,Final
564781,564781_1,2012-07-21,2012,7,ODI,India in Sri Lanka ODI Series,2012,India,Sri Lanka,"Mahinda Rajapaksa International Cricket Stadium, Sooriyawewa",Hambantota,Unknown,NEUTRAL,1,6,35,29,3,1,8,120.69,True,False,caught,NLTC Perera,HDRL Thirimanne,True,False,,WON,21 runs,False,
564782,564782_1,2012-07-24,2012,7,ODI,India in Sri Lanka ODI Series,2012,India,Sri Lanka,"Mahinda Rajapaksa International Cricket Stadium, Sooriyawewa",Hambantota,Unknown,NEUTRAL,1,6,11,16,2,0,12,68.75,True,False,caught,AD Mathews,KC Sangakkara,True,False,,LOST,9 wickets,False,
564783,564783_2,2012-07-28,2012,7,ODI,India in Sri Lanka ODI Series,2012,India,Sri Lanka,R Premadasa Stadium,Colombo,Sri Lanka,AWAY,2,4,31,49,1,0,22,63.27,True,False,bowled,SL Malinga,,True,True,287,WON,5 wickets,False,
564785,564785_1,2012-08-04,2012,8,ODI,India in Sri Lanka ODI Series,2012,India,Sri Lanka,Pallekele International Cricket Stadium,,Sri Lanka,AWAY,1,7,58,38,8,1,11,152.63,True,False,caught,SL Malinga,LD Chandimal,True,False,,WON,20 runs,False,
564786,564786_1,2012-08-07,2012,8,T20I,T20I Series,2012,India,Sri Lanka,Pallekele International Cricket Stadium,,Sri Lanka,AWAY,1,5,16,14,2,0,5,114.29,False,True,not out,,,True,False,,WON,39 runs,False,
565817,565817_1,2012-08-23,2012,8,TEST,Test Series,2012,India,New Zealand,"Rajiv Gandhi International Stadium, Uppal",Hyderabad,India,HOME,1,7,73,147,6,1,106,49.66,True,False,caught,JS Patel,DAJ Bracewell,True,False,,WON,115 runs,False,
565818,565818_2,2012-08-31,2012,8,TEST,Test Series,2012,India,New Zealand,M Chinnaswamy Stadium,Bangalore,India,HOME,2,7,62,94,8,2,66,65.96,True,False,lbw,TG Southee,,True,True,366,WON,5 wickets,False,
565818,565818_4,2012-08-31,2012,8,TEST,Test Series,2012,India,New Zealand,M Chinnaswamy Stadium,Bangalore,India,HOME,4,7,48,60,3,2,33,80.0,False,True,not out,,,True,True,,WON,5 wickets,False,
565820,565820_2,2012-09-11,2012,9,T20I,New Zealand in India T20I Series,2012,India,New Zealand,"MA Chidambaram Stadium, Chepauk",Chennai,India,HOME,2,5,22,23,2,0,8,95.65,False,True,not out,,,True,True,168,LOST,1 runs,False,
533281,533281_1,2012-09-23,2012,9,T20I,ICC World Twenty20,2012/13,India,England,R Premadasa Stadium,Colombo,Sri Lanka,NEUTRAL,1,5,9,8,1,0,4,112.5,True,False,caught,JW Dernbach,AD Hales,True,False,,WON,90 runs,False,
533287,533287_1,2012-09-28,2012,9,T20I,ICC World Twenty20,2012/13,India,Australia,R Premadasa Stadium,Colombo,Sri Lanka,NEUTRAL,1,7,15,21,2,0,14,71.43,True,False,caught,PJ Cummins,GJ Bailey,True,False,,LOST,9 wickets,False,
533295,533295_1,2012-10-02,2012,10,T20I,ICC World Twenty20,2012/13,India,South Africa,R Premadasa Stadium,Colombo,Sri Lanka,NEUTRAL,1,7,23,13,3,0,2,176.92,False,True,not out,,,True,False,,WON,1 runs,False,
565806,565806_1,2012-11-15,2012,11,TEST,Test Series,2012/13,India,England,"Sardar Patel Stadium, Motera",Ahmedabad,India,HOME,1,7,5,37,0,0,33,13.51,True,False,bowled,GP Swann,,True,False,,WON,9 wickets,False,
565807,565807_1,2012-11-23,2012,11,TEST,Test Series,2012/13,India,England,Wankhede Stadium,Mumbai,India,HOME,1,7,29,64,4,0,47,45.31,True,False,caught,MS Panesar,GP Swann,True,False,,LOST,10 wickets,False,
565807,565807_3,2012-11-23,2012,11,TEST,Test Series,2012/13,India,England,Wankhede Stadium,Mumbai,India,HOME,3,7,6,17,0,0,11,35.29,True,False,caught,MS Panesar,IJL Trott,True,False,,LOST,10 wickets,False,
565808,565808_1,2012-12-05,2012,12,TEST,Test Series,2012/13,India,England,Eden Gardens,Kolkata,India,HOME,1,7,52,114,5,2,87,45.61,True,False,caught,ST Finn,GP Swann,True,False,,LOST,7 wickets,False,
565808,565808_3,2012-12-05,2012,12,TEST,Test Series,2012/13,India,England,Eden Gardens,Kolkata,India,HOME,3,7,0,3,0,0,3,0.0,True,False,caught,JM Anderson,AN Cook,True,False,,LOST,7 wickets,False,
565809,565809_2,2012-12-13,2012,12,TEST,Test Series,2012/13,India,England,"Vidarbha Cricket Association Stadium, Jamtha",Nagpur,India,HOME,2,6,99,246,8,1,188,40.24,True,False,run out,JM Anderson,AN Cook,True,True,331,DRAWN,,False,
565810,565810_2,2012-12-20,2012,12,T20I,England in India T20I Series,2012/13,India,England,Subrata Roy Sahara Stadium,Pune,India,HOME,2,6,24,21,2,0,6,114.29,False,True,not out,,,True,True,158,WON,5 wickets,False,
565811,565811_1,2012-12-22,2012,12,T20I,England in India T20I Series,2012/13,India,England,Wankhede Stadium,Mumbai,India,HOME,1,7,38,18,3,2,5,211.11,True,False,caught,TT Bresnan,SR Patel,True,False,,LOST,6 wickets,False,
589306,589306_1,2012-12-25,2012,12,T20I,Pakistan in India T20I Series,2012/13,India,Pakistan,M Chinnaswamy Stadium,Bangalore,India,HOME,1,5,1,2,0,0,1,50.0,True,False,bowled,Saeed Ajmal,,True,False,,LOST,5 wickets,False,
589307,589307_1,2012-12-28,2012,12,T20I,Pakistan in India T20I Series,2012/13,India,Pakistan,"Sardar Patel Stadium, Motera",Ahmedabad,India,HOME,1,5,33,23,4,0,5,143.48,True,False,bowled,Umar Gul,,True,False,,WON,11 runs,False,
589308,589308_1,2012-12-30,2012,12,ODI,Pakistan in India ODI Series,2012/13,India,Pakistan,"MA Chidambaram Stadium, Chepauk",Chennai,India,HOME,1,7,113,125,7,3,59,90.4,False,True,not out,,,True,False,,LOST,6 wickets,True,
589309,589309_2,2013-01-03,2013,1,ODI,Pakistan in India ODI Series,2012/13,India,Pakistan,Eden Gardens,Kolkata,India,HOME,2,6,54,89,4,1,55,60.67,False,True,not out,,,True,True,251,LOST,85 runs,False,
589310,589310_1,2013-01-06,2013,1,ODI,Pakistan in India ODI Series,2012/13,India,Pakistan,Feroz Shah Kotla,Delhi,India,HOME,1,6,36,55,1,3,36,65.45,True,False,caught,Umar Gul,Umar Akmal,True,False,,WON,10 runs,True,
565812,565812_2,2013-01-11,2013,1,ODI,England in India ODI Series,2012/13,India,England,Saurashtra Cricket Association Stadium,Rajkot,India,HOME,2,6,32,25,0,4,13,128.0,True,False,caught,JW Dernbach,JE Root,True,True,326,LOST,9 runs,False,
565813,565813_1,2013-01-15,2013,1,ODI,England in India ODI Series,2012/13,India,England,Nehru Stadium,Kochi,India,HOME,1,6,72,66,7,2,29,109.09,True,False,caught,JW Dernbach,JE Root,True,False,,WON,127 runs,False,
565814,565814_2,2013-01-19,2013,1,ODI,England in India ODI Series,2012/13,India,England,JSCA International Stadium Complex,Ranchi,India,HOME,2,5,10,12,2,0,8,83.33,False,True,not out,,,True,True,156,WON,7 wickets,False,
565815,565815_2,2013-01-23,2013,1,ODI,England in India ODI Series,2012/13,India,England,"Punjab Cricket Association Stadium, Mohali",Chandigarh,India,HOME,2,6,19,21,2,0,11,90.48,True,False,caught,JW Dernbach,EJG Morgan,True,True,258,WON,5 wickets,False,
565816,565816_1,2013-01-27,2013,1,ODI,England in India ODI Series,2012/13,India,England,Himachal Pradesh Cricket Association Stadium,Dharamsala,India,HOME,1,6,15,23,2,0,13,65.22,True,False,lbw,ST Finn,,True,False,,LOST,7 wickets,False,
598812,598812_2,2013-02-22,2013,2,TEST,Test Series,2012/13,India,Australia,"MA Chidambaram Stadium, Chepauk",Chennai,India,HOME,2,6,224,265,24,6,156,84.53,True,False,caught,JL Pattinson,MS Wade,True,True,381,WON,8 wickets,True,
598813,598813_2,2013-03-02,2013,3,TEST,Test Series,2012/13,India,Australia,"Rajiv Gandhi International Stadium, Uppal",Hyderabad,India,HOME,2,6,44,43,8,0,26,102.33,True,False,caught,GJ Maxwell,XJ Doherty,True,True,238,WON,135 runs,False,
598814,598814_2,2013-03-14,2013,3,TEST,Test Series,2012/13,India,Australia,"Punjab Cricket Association Stadium, Mohali",Chandigarh,India,HOME,2,6,4,3,1,0,2,133.33,True,False,lbw,MA Starc,,True,True,409,WON,6 wickets,False,
598814,598814_4,2013-03-14,2013,3,TEST,Test Series,2012/13,India,Australia,"Punjab Cricket Association Stadium, Mohali",Chandigarh,India,HOME,4,5,18,28,3,0,21,64.29,False,True,not out,,,True,True,,WON,6 wickets,False,
598815,598815_2,2013-03-22,2013,3,TEST,Test Series,2012/13,India,Australia,Feroz Shah Kotla,Delhi,India,HOME,2,6,24,23,2,0,10,104.35,True,False,caught,JL Pattinson,SR Watson,True,True,263,WON,6 wickets,False,
598815,598815_4,2013-03-22,2013,3,TEST,Test Series,2012/13,India,Australia,Feroz Shah Kotla,Delhi,India,HOME,4,6,12,14,2,0,8,85.71,False,True,not out,,,True,True,,WON,6 wickets,False,
598002,598002_2,2013-04-06,2013,4,IPL,Indian Premier League,2013,Chennai Super Kings,Mumbai Indians,"MA Chidambaram Stadium, Chepauk",Chennai,India,HOME,2,6,51,26,5,3,6,196.15,True,False,caught,MM Patel,KA Pollard,True,True,149,LOST,9 runs,False,
598012,598012_2,2013-04-13,2013,4,IPL,Indian Premier League,2013,Chennai Super Kings,Royal Challengers Bangalore,"MA Chidambaram Stadium, Chepauk",Chennai,India,HOME,2,5,33,23,1,2,5,143.48,True,False,caught,R Rampaul,KB Arun Karthik,True,True,166,WON,4 wickets,False,
598015,598015_2,2013-04-15,2013,4,IPL,Indian Premier League,2013,Chennai Super Kings,Pune Warriors,"MA Chidambaram Stadium, Chepauk",Chennai,India,HOME,2,6,10,13,0,0,5,76.92,True,False,caught,AB Dinda,SPD Smith,True,True,160,LOST,24 runs,False,
598020,598020_1,2013-04-18,2013,4,IPL,Indian Premier League,2013,Chennai Super Kings,Delhi Daredevils,Feroz Shah Kotla,Delhi,India,AWAY,1,4,44,23,5,1,3,191.3,True,False,caught,UT Yadav,BMAJ Mendis,True,False,,WON,86 runs,False,
598022,598022_2,2013-04-20,2013,4,IPL,Indian Premier League,2013,Chennai Super Kings,Kolkata Knight Riders,Eden Gardens,Kolkata,India,AWAY,2,5,9,7,0,0,0,128.57,True,False,run out,JH Kallis,EJG Morgan,True,True,120,WON,4 wickets,False,
598026,598026_2,2013-04-22,2013,4,IPL,Indian Premier League,2013,Chennai Super Kings,Rajasthan Royals,"MA Chidambaram Stadium, Chepauk",Chennai,India,HOME,2,4,21,16,1,0,3,131.25,True,False,caught,JP Faulkner,STR Binny,True,True,186,WON,5 wickets,False,
598030,598030_2,2013-04-25,2013,4,IPL,Indian Premier League,2013,Chennai Super Kings,Sunrisers Hyderabad,"MA Chidambaram Stadium, Chepauk",Chennai,India,HOME,2,4,67,37,7,4,13,181.08,False,True,not out,,,True,True,160,WON,5 wickets,True,
598034,598034_1,2013-04-28,2013,4,IPL,Indian Premier League,2013,Chennai Super Kings,Kolkata Knight Riders,"MA Chidambaram Stadium, Chepauk",Chennai,India,HOME,1,4,18,12,1,1,2,150.0,False,True,not out,,,True,False,,WON,14 runs,False,
598038,598038_1,2013-04-30,2013,4,IPL,Indian Premier League,2013,Chennai Super Kings,Pune Warriors,Subrata Roy Sahara Stadium,Pune,India,AWAY,1,5,45,16,4,3,1,281.25,False,True,not out,,,True,False,,WON,37 runs,True,
598041,598041_1,2013-05-02,2013,5,IPL,Indian Premier League,2013,Chennai Super Kings,Kings XI Punjab,"MA Chidambaram Stadium, Chepauk",Chennai,India,HOME,1,4,2,2,0,0,0,100.0,True,False,run out,R Sathish,"R Sathish, Gurkeerat Singh",True,False,,WON,15 runs,False,
598046,598046_2,2013-05-05,2013,5,IPL,Indian Premier League,2013,Chennai Super Kings,Mumbai Indians,Wankhede Stadium,Mumbai,India,AWAY,2,7,10,12,1,0,6,83.33,True,False,caught,PP Ojha,KA Pollard,True,True,140,LOST,60 runs,False,
598051,598051_1,2013-05-08,2013,5,IPL,Indian Premier League,2013,Chennai Super Kings,Sunrisers Hyderabad,"Rajiv Gandhi International Stadium, Uppal",Hyderabad,India,AWAY,1,4,4,3,0,0,1,133.33,True,False,caught,NLTC Perera,KV Sharma,True,False,,WON,77 runs,False,
598058,598058_1,2013-05-12,2013,5,IPL,Indian Premier League,2013,Chennai Super Kings,Rajasthan Royals,Sawai Mansingh Stadium,Jaipur,India,AWAY,1,4,2,3,0,0,2,66.67,True,False,caught,KK Cooper,SR Watson,True,False,,LOST,5 wickets,False,
598062,598062_1,2013-05-14,2013,5,IPL,Indian Premier League,2013,Chennai Super Kings,Delhi Daredevils,"MA Chidambaram Stadium, Chepauk",Chennai,India,HOME,1,4,58,35,2,4,8,165.71,False,True,not out,,,True,False,,WON,33 runs,True,
598068,598068_2,2013-05-18,2013,5,IPL,Indian Premier League,2013,Chennai Super Kings,Royal Challengers Bangalore,M Chinnaswamy Stadium,Bangalore,India,AWAY,2,5,24,10,2,2,2,240.0,True,False,caught,Z Khan,JD Unadkat,True,True,107,LOST,24 runs,False,
598073,598073_2,2013-05-26,2013,5,IPL,Indian Premier League,2013,Chennai Super Kings,Mumbai Indians,Eden Gardens,Kolkata,India,AWAY,2,7,63,45,3,5,19,140.0,False,True,not out,,,True,True,149,LOST,23 runs,False,Final
578614,578614_1,2013-06-06,2013,6,ODI,ICC Champions Trophy,2013,India,South Africa,Sophia Gardens,Cardiff,England,NEUTRAL,1,5,27,26,3,0,8,103.85,True,False,caught,LL Tsotsobe,F du Plessis,True,False,,WON,26 runs,False,
566948,566948_1,2013-06-23,2013,6,ODI,ICC Champions Trophy,2013,India,England,Edgbaston,Birmingham,England,AWAY,1,6,0,4,0,0,4,0.0,True,False,caught,RS Bopara,JC Tredwell,True,False,,WON,5 runs,False,Final
597924,597924_1,2013-06-30,2013,6,ODI,West Indies Tri-Nation Series,2013,India,West Indies,"Sabina Park, Kingston",Jamaica,Jamaica,AWAY,1,6,27,35,1,0,12,77.14,True,False,bowled,TL Best,,True,False,,LOST,1 wickets,False,
597929,597929_2,2013-07-11,2013,7,ODI,West Indies Tri-Nation Series,2013,India,Sri Lanka,"Queen's Park Oval, Port of Spain",Trinidad,Trinidad and Tobago,NEUTRAL,2,6,45,52,5,2,34,86.54,False,True,not out,,,True,True,202,WON,1 wickets,True,Final
647247,647247_2,2013-10-10,2013,10,T20I,T20I Series,2013/14,India,Australia,Saurashtra Cricket Association Stadium,Rajkot,India,HOME,2,6,24,21,2,0,4,114.29,False,True,not out,,,True,True,202,WON,6 wickets,False,
647249,647249_2,2013-10-13,2013,10,ODI,Australia in India ODI Series,2013/14,India,Australia,Maharashtra Cricket Association Stadium,Pune,India,HOME,2,6,19,22,2,0,7,86.36,True,False,bowled,CJ McKay,,True,True,305,LOST,72 runs,False,
647253,647253_1,2013-10-19,2013,10,ODI,Australia in India ODI Series,2013/14,India,Australia,"Punjab Cricket Association Stadium, Mohali",Chandigarh,India,HOME,1,6,139,121,12,5,46,114.88,False,True,not out,,,True,False,,LOST,4 wickets,False,
647259,647259_2,2013-10-30,2013,10,ODI,Australia in India ODI Series,2013/14,India,Australia,"Vidarbha Cricket Association Stadium, Jamtha",Nagpur,India,HOME,2,6,25,23,2,0,9,108.7,False,True,not out,,,True,True,351,WON,6 wickets,False,
647261,647261_1,2013-11-02,2013,11,ODI,Australia in India ODI Series,2013/14,India,Australia,M Chinnaswamy Stadium,Bangalore,India,HOME,1,6,62,38,7,2,10,163.16,True,False,run out,CJ McKay,"MC Henriques, BJ Haddin",True,False,,WON,57 runs,False,
676525,676525_2,2013-11-06,2013,11,TEST,Test Series,2013/14,India,West Indies,Eden Gardens,Kolkata,India,HOME,2,7,42,63,5,0,39,66.67,True,False,caught,TL Best,D Ramdin,True,True,235,WON,51 runs,False,
676527,676527_2,2013-11-14,2013,11,TEST,Test Series,2013/14,India,West Indies,Wankhede Stadium,Mumbai,India,HOME,2,7,4,10,0,0,7,40.0,True,False,caught,TL Best,DJG Sammy,True,True,183,WON,126 runs,False,
676529,676529_2,2013-11-21,2013,11,ODI,West Indies in India ODI Series,2013/14,India,West Indies,Nehru Stadium,Kochi,India,HOME,2,6,13,7,3,0,3,185.71,False,True,not out,,,True,True,212,WON,6 wickets,False,
676531,676531_1,2013-11-24,2013,11,ODI,West Indies in India ODI Series,2013/14,India,West Indies,Dr. Y.S. Rajasekhara Reddy ACA-VDCA Cricket Stadium,Visakhapatnam,India,HOME,1,6,51,40,3,4,18,127.5,False,True,not out,,,True,False,,LOST,2 wickets,False,
676533,676533_2,2013-11-27,2013,11,ODI,West Indies in India ODI Series,2013/14,India,West Indies,Green Park,Kanpur,India,HOME,2,6,23,23,3,0,9,100.0,False,True,not out,,,True,True,264,WON,5 wickets,False,
648651,648651_2,2013-12-05,2013,12,ODI,India in South Africa ODI Series,2013/14,India,South Africa,New Wanderers Stadium,Johannesburg,South Africa,AWAY,2,6,65,71,8,1,38,91.55,True,False,bowled,DW Steyn,,True,True,359,LOST,141 runs,False,
648653,648653_2,2013-12-08,2013,12,ODI,India in South Africa ODI Series,2013/14,India,South Africa,Kingsmead,Durban,South Africa,AWAY,2,6,19,31,0,0,13,61.29,True,False,caught,VD Philander,Q de Kock,True,True,281,LOST,134 runs,False,
648665,648665_1,2013-12-18,2013,12,TEST,Test Series,2013/14,India,South Africa,New Wanderers Stadium,Johannesburg,South Africa,AWAY,1,7,19,72,3,0,62,26.39,True,False,caught,M Morkel,AB de Villiers,True,False,,DRAWN,,False,
648665,648665_3,2013-12-18,2013,12,TEST,Test Series,2013/14,India,South Africa,New Wanderers Stadium,Johannesburg,South Africa,AWAY,3,7,29,44,3,0,24,65.91,True,False,caught,VD Philander,D Elgar,True,False,,DRAWN,,False,
648667,648667_1,2013-12-26,2013,12,TEST,Test Series,2013/14,India,South Africa,Kingsmead,Durban,South Africa,AWAY,1,7,24,40,3,0,28,60.0,True,False,caught,DW Steyn,GC Smith,True,False,,LOST,10 wickets,False,
648667,648667_3,2013-12-26,2013,12,TEST,Test Series,2013/14,India,South Africa,Kingsmead,Durban,South Africa,AWAY,3,7,15,29,2,0,22,51.72,True,False,caught,RJ Peterson,AN Petersen,True,False,,LOST,10 wickets,False,
667641,667641_2,2014-01-19,2014,1,ODI,India in New Zealand ODI Series,2013/14,India,New Zealand,McLean Park,Napier,New Zealand,AWAY,2,6,40,46,2,2,24,86.96,True,False,caught,MJ McClenaghan,L Ronchi,True,True,293,LOST,24 runs,False,
667643,667643_2,2014-01-22,2014,1,ODI,India in New Zealand ODI Series,2013/14,India,New Zealand,Seddon Park,Hamilton,New Zealand,AWAY,2,5,56,44,7,1,14,127.27,True,False,caught,CJ Anderson,KS Williamson,True,True,272,LOST,15 runs,False,
667645,667645_2,2014-01-25,2014,1,ODI,India in New Zealand ODI Series,2013/14,India,New Zealand,Eden Park,Auckland,New Zealand,AWAY,2,6,50,60,2,3,32,83.33,True,False,caught,CJ Anderson,TG Southee,True,True,315,TIED,,False,
667647,667647_1,2014-01-28,2014,1,ODI,India in New Zealand ODI Series,2013/14,India,New Zealand,Seddon Park,Hamilton,New Zealand,AWAY,1,5,79,73,6,3,29,108.22,False,True,not out,,,True,False,,LOST,7 wickets,False,
667649,667649_2,2014-01-31,2014,1,ODI,India in New Zealand ODI Series,2013/14,India,New Zealand,Westpac Stadium,Wellington,New Zealand,AWAY,2,6,47,72,3,0,40,65.28,True,False,caught,KS Williamson,JDS Neesham,True,True,304,LOST,87 runs,False,
667651,667651_2,2014-02-06,2014,2,TEST,Test Series,2013/14,India,New Zealand,Eden Park,Auckland,New Zealand,AWAY,2,7,10,28,1,0,20,35.71,True,False,caught,N Wagner,BJ Watling,True,True,504,LOST,40 runs,False,
667651,667651_4,2014-02-06,2014,2,TEST,Test Series,2013/14,India,New Zealand,Eden Park,Auckland,New Zealand,AWAY,4,7,39,41,6,0,20,95.12,True,False,bowled,N Wagner,,True,True,,LOST,40 runs,False,
667653,667653_2,2014-02-14,2014,2,TEST,Test Series,2013/14,India,New Zealand,Basin Reserve,Wellington,New Zealand,AWAY,2,8,68,86,9,1,52,79.07,True,False,caught,TA Boult,BJ Watling,True,True,193,DRAWN,,False,
682943,682943_2,2014-03-28,2014,3,T20I,World T20,2013/14,India,Bangladesh,Shere Bangla National Stadium,Mirpur,Pakistan,NEUTRAL,2,4,22,12,1,2,3,183.33,False,True,not out,,,True,True,139,WON,8 wickets,False,
682951,682951_1,2014-03-30,2014,3,T20I,World T20,2013/14,India,Australia,Shere Bangla National Stadium,Mirpur,Pakistan,NEUTRAL,1,6,24,20,1,1,6,120.0,True,False,bowled,MA Starc,,True,False,,WON,73 runs,False,
682963,682963_2,2014-04-04,2014,4,T20I,World T20,2013/14,India,South Africa,Shere Bangla National Stadium,Mirpur,Pakistan,NEUTRAL,2,6,0,1,0,0,1,0.0,False,True,not out,,,True,True,173,WON,6 wickets,False,Semi Final
682965,682965_1,2014-04-06,2014,4,T20I,World T20,2013/14,India,Sri Lanka,Shere Bangla National Stadium,Mirpur,Pakistan,NEUTRAL,1,5,4,7,0,0,2,57.14,False,True,not out,,,True,False,,LOST,6 wickets,False,Final
729283,729283_1,2014-04-18,2014,4,IPL,Indian Premier League,2014,Chennai Super Kings,Kings XI Punjab,Sheikh Zayed Stadium,Abu Dhabi,United Arab Emirates,NEUTRAL,1,4,26,11,3,1,1,236.36,True,False,caught,L Balaji,R Dhawan,True,False,,LOST,6 wickets,False,
729293,729293_1,2014-04-21,2014,4,IPL,Indian Premier League,2014,Chennai Super Kings,Delhi Daredevils,Sheikh Zayed Stadium,Abu Dhabi,United Arab Emirates,NEUTRAL,1,5,32,15,2,2,2,213.33,True,False,caught,JD Unadkat,MA Agarwal,True,False,,WON,93 runs,False,
729297,729297_1,2014-04-23,2014,4,IPL,Indian Premier League,2014,Chennai Super Kings,Rajasthan Royals,Dubai International Cricket Stadium,,United Arab Emirates,NEUTRAL,1,5,5,8,0,0,3,62.5,True,False,caught,PV Tambe,JP Faulkner,True,False,,WON,7 runs,False,
729303,729303_2,2014-04-25,2014,4,IPL,Indian Premier League,2014,Chennai Super Kings,Mumbai Indians,Dubai International Cricket Stadium,,United Arab Emirates,NEUTRAL,2,5,14,11,1,1,2,127.27,False,True,not out,,,True,True,142,WON,7 wickets,False,
729311,729311_2,2014-04-27,2014,4,IPL,Indian Premier League,2014,Chennai Super Kings,Sunrisers Hyderabad,Sharjah Cricket Stadium,,United Arab Emirates,NEUTRAL,2,4,13,14,1,0,3,92.86,False,True,not out,,,True,True,146,WON,5 wickets,False,
733971,733971_1,2014-05-02,2014,5,IPL,Indian Premier League,2014,Chennai Super Kings,Kolkata Knight Riders,JSCA International Stadium Complex,Ranchi,India,AWAY,1,4,22,17,1,1,1,129.41,False,True,not out,,,True,False,,WON,34 runs,False,
733981,733981_2,2014-05-05,2014,5,IPL,Indian Premier League,2014,Chennai Super Kings,Delhi Daredevils,Feroz Shah Kotla,Delhi,India,AWAY,2,4,12,5,1,1,2,240.0,False,True,not out,,,True,True,179,WON,8 wickets,False,
733987,733987_2,2014-05-07,2014,5,IPL,Indian Premier League,2014,Chennai Super Kings,Kings XI Punjab,Barabati Stadium,Cuttack,India,AWAY,2,6,23,20,0,1,6,115.0,True,False,caught,MG Johnson,GJ Bailey,True,True,232,LOST,44 runs,False,
733995,733995_2,2014-05-10,2014,5,IPL,Indian Premier League,2014,Chennai Super Kings,Mumbai Indians,Wankhede Stadium,Mumbai,India,AWAY,2,5,22,12,1,1,0,183.33,False,True,not out,,,True,True,158,WON,4 wickets,False,
734003,734003_2,2014-05-13,2014,5,IPL,Indian Premier League,2014,Chennai Super Kings,Rajasthan Royals,JSCA International Stadium Complex,Ranchi,India,AWAY,2,6,26,16,1,1,3,162.5,False,True,not out,,,True,True,149,WON,5 wickets,False,
734013,734013_1,2014-05-18,2014,5,IPL,Indian Premier League,2014,Chennai Super Kings,Royal Challengers Bangalore,JSCA International Stadium Complex,Ranchi,India,AWAY,1,5,7,6,1,0,3,116.67,True,False,caught,AN Ahmed,CH Gayle,True,False,,LOST,5 wickets,False,
734023,734023_1,2014-05-20,2014,5,IPL,Indian Premier League,2014,Chennai Super Kings,Kolkata Knight Riders,Eden Gardens,Kolkata,India,AWAY,1,5,21,15,1,1,4,140.0,False,True,not out,,,True,False,,LOST,8 wickets,False,
734029,734029_1,2014-05-22,2014,5,IPL,Indian Premier League,2014,Chennai Super Kings,Sunrisers Hyderabad,JSCA International Stadium Complex,Ranchi,India,AWAY,1,5,57,41,2,4,14,139.02,False,True,not out,,,True,False,,LOST,6 wickets,False,
734035,734035_2,2014-05-24,2014,5,IPL,Indian Premier League,2014,Chennai Super Kings,Royal Challengers Bangalore,M Chinnaswamy Stadium,Bangalore,India,AWAY,2,4,49,28,4,3,6,175.0,False,True,not out,,,True,True,155,WON,8 wickets,True,
734047,734047_2,2014-05-30,2014,5,IPL,Indian Premier League,2014,Chennai Super Kings,Kings XI Punjab,Wankhede Stadium,Mumbai,India,AWAY,2,7,42,31,3,3,12,135.48,False,True,not out,,,True,True,227,LOST,24 runs,False,Qualifier 2
667711,667711_1,2014-07-09,2014,7,TEST,Test Series,2014,India,England,Trent Bridge,Nottingham,England,AWAY,1,6,82,152,7,0,107,53.95,True,False,run out,BA Stokes,JM Anderson,True,False,,DRAWN,,False,
667711,667711_3,2014-07-09,2014,7,TEST,Test Series,2014,India,England,Trent Bridge,Nottingham,England,AWAY,3,6,11,30,2,0,25,36.67,True,False,bowled,LE Plunkett,,True,False,,DRAWN,,False,
667713,667713_1,2014-07-17,2014,7,TEST,Test Series,2014,India,England,Lord's,London,England,AWAY,1,6,1,17,0,0,16,5.88,True,False,caught,SCJ Broad,MJ Prior,True,False,,WON,95 runs,False,
667713,667713_3,2014-07-17,2014,7,TEST,Test Series,2014,India,England,Lord's,London,England,AWAY,3,6,19,86,2,0,72,22.09,True,False,caught,LE Plunkett,IR Bell,True,False,,WON,95 runs,False,
667715,667715_2,2014-07-27,2014,7,TEST,Test Series,2014,India,England,The Rose Bowl,Southampton,England,AWAY,2,7,50,113,5,1,90,44.25,True,False,caught,JM Anderson,JC Buttler,True,True,570,LOST,266 runs,False,
667715,667715_4,2014-07-27,2014,7,TEST,Test Series,2014,India,England,The Rose Bowl,Southampton,England,AWAY,4,7,6,11,1,0,9,54.55,True,False,caught,JM Anderson,JC Buttler,True,True,,LOST,266 runs,False,
667717,667717_1,2014-08-07,2014,8,TEST,Test Series,2014,India,England,Old Trafford,Manchester,England,AWAY,1,6,71,133,15,0,107,53.38,True,False,caught,SCJ Broad,CJ Jordan,True,False,,LOST,54 runs,False,
667717,667717_3,2014-08-07,2014,8,TEST,Test Series,2014,India,England,Old Trafford,Manchester,England,AWAY,3,6,27,22,4,0,11,122.73,True,False,caught,MM Ali,GS Ballance,True,False,,LOST,54 runs,False,
667719,667719_1,2014-08-15,2014,8,TEST,Test Series,2014,India,England,Kennington Oval,London,England,AWAY,1,6,82,140,15,1,109,58.57,True,False,caught,SCJ Broad,CR Woakes,True,False,,LOST,244 runs,False,
667719,667719_3,2014-08-15,2014,8,TEST,Test Series,2014,India,England,Kennington Oval,London,England,AWAY,3,6,0,5,0,0,4,0.0,True,False,caught,CR Woakes,SD Robson,True,False,,LOST,244 runs,False,
667723,667723_1,2014-08-27,2014,8,ODI,India in England ODI Series,2014,India,England,Sophia Gardens,Cardiff,England,AWAY,1,6,52,51,6,0,20,101.96,True,False,bowled,CR Woakes,,True,False,,WON,133 runs,False,
667729,667729_2,2014-09-05,2014,9,ODI,India in England ODI Series,2014,India,England,Headingley,Leeds,England,AWAY,2,6,29,42,1,1,21,69.05,True,False,caught,ST Finn,BA Stokes,True,True,295,LOST,41 runs,False,
667731,667731_2,2014-09-07,2014,9,T20I,T20I Series,2014,India,England,Edgbaston,Birmingham,England,AWAY,2,5,27,18,2,1,3,150.0,False,True,not out,,,True,True,181,LOST,3 runs,False,
770121,770121_2,2014-10-08,2014,10,ODI,West Indies in India ODI Series,2014/15,India,West Indies,Nehru Stadium,Kochi,India,HOME,2,6,8,21,0,0,14,38.1,True,False,bowled,DJG Sammy,,True,True,322,LOST,124 runs,False,
770123,770123_1,2014-10-11,2014,10,ODI,West Indies in India ODI Series,2014/15,India,West Indies,Feroz Shah Kotla,Delhi,India,HOME,1,6,51,40,5,1,13,127.5,False,True,not out,,,True,False,,WON,48 runs,False,
770127,770127_1,2014-10-17,2014,10,ODI,West Indies in India ODI Series,2014/15,India,West Indies,Himachal Pradesh Cricket Association Stadium,Dharmasala,India,HOME,1,5,6,5,0,0,1,120.0,True,False,run out,JE Taylor,KA Pollard,True,False,,WON,59 runs,False,
754739,754739_1,2014-12-17,2014,12,TEST,Test Series,2014/15,India,Australia,"Brisbane Cricket Ground, Woolloongabba",Brisbane,Australia,AWAY,1,7,33,53,4,0,37,62.26,True,False,caught,JR Hazlewood,BJ Haddin,True,False,,LOST,4 wickets,False,
754739,754739_3,2014-12-17,2014,12,TEST,Test Series,2014/15,India,Australia,"Brisbane Cricket Ground, Woolloongabba",Brisbane,Australia,AWAY,3,7,0,2,0,0,2,0.0,True,False,lbw,JR Hazlewood,,True,False,,LOST,4 wickets,False,
754741,754741_2,2014-12-26,2014,12,TEST,Test Series,2014/15,India,Australia,Melbourne Cricket Ground,,Australia,AWAY,2,7,11,23,1,0,18,47.83,True,False,caught,RJ Harris,BJ Haddin,True,True,531,DRAWN,,False,
754741,754741_4,2014-12-26,2014,12,TEST,Test Series,2014/15,India,Australia,Melbourne Cricket Ground,,Australia,AWAY,4,7,24,39,4,0,31,61.54,False,True,not out,,,True,True,,DRAWN,,False,
754749,754749_1,2015-01-18,2015,1,ODI,Carlton Mid One-Day International Tri-Series,2014/15,India,Australia,Melbourne Cricket Ground,,Australia,AWAY,1,6,19,31,2,0,19,61.29,True,False,bowled,MA Starc,,True,False,,LOST,4 wickets,False,
754753,754753_1,2015-01-20,2015,1,ODI,Carlton Mid One-Day International Tri-Series,2014/15,India,England,"Brisbane Cricket Ground, Woolloongabba",Brisbane,Australia,NEUTRAL,1,6,34,61,1,0,35,55.74,True,False,caught,ST Finn,JC Buttler,True,False,,LOST,9 wickets,False,
754759,754759_1,2015-01-30,2015,1,ODI,Carlton Mid One-Day International Tri-Series,2014/15,India,England,Western Australia Cricket Association Ground,Perth,Australia,NEUTRAL,1,6,17,32,3,0,24,53.12,True,False,lbw,JM Anderson,,True,False,,LOST,3 wickets,False,
656405,656405_1,2015-02-15,2015,2,ODI,ICC Cricket World Cup,2014/15,India,Pakistan,Adelaide Oval,,Australia,NEUTRAL,1,5,18,13,1,1,4,138.46,True,False,caught,Sohail Khan,Misbah-ul-Haq,True,False,,WON,76 runs,False,
656423,656423_1,2015-02-22,2015,2,ODI,ICC Cricket World Cup,2014/15,India,South Africa,Melbourne Cricket Ground,,Australia,NEUTRAL,1,6,18,11,3,0,3,163.64,True,False,caught,M Morkel,Q de Kock,True,False,,WON,130 runs,False,
656453,656453_2,2015-03-06,2015,3,ODI,ICC Cricket World Cup,2014/15,India,West Indies,Western Australia Cricket Association Ground,Perth,Australia,NEUTRAL,2,6,45,56,3,1,26,80.36,False,True,not out,,,True,True,183,WON,4 wickets,False,
656475,656475_2,2015-03-14,2015,3,ODI,ICC Cricket World Cup,2014/15,India,Zimbabwe,Eden Park,Auckland,New Zealand,NEUTRAL,2,6,85,76,8,2,29,111.84,False,True,not out,,,True,True,288,WON,6 wickets,False,
656485,656485_1,2015-03-19,2015,3,ODI,ICC Cricket World Cup,2014/15,India,Bangladesh,Melbourne Cricket Ground,,Australia,NEUTRAL,1,6,6,11,0,0,6,54.55,True,False,caught,Taskin Ahmed,Nasir Hossain,True,False,,WON,109 runs,False,Quarter Final
656493,656493_2,2015-03-26,2015,3,ODI,ICC Cricket World Cup,2014/15,India,Australia,Sydney Cricket Ground,,Australia,AWAY,2,6,65,65,3,2,20,100.0,True,False,run out,MA Starc,GJ Maxwell,True,True,329,LOST,95 runs,False,Semi Final
829707,829707_1,2015-04-09,2015,4,IPL,Indian Premier League,2015,Chennai Super Kings,Delhi Daredevils,"MA Chidambaram Stadium, Chepauk",Chennai,India,HOME,1,6,30,27,1,2,11,111.11,True,False,caught,NM Coulter-Nile,MA Agarwal,True,False,,WON,1 runs,False,
829711,829711_1,2015-04-11,2015,4,IPL,Indian Premier League,2015,Chennai Super Kings,Sunrisers Hyderabad,"MA Chidambaram Stadium, Chepauk",Chennai,India,HOME,1,4,53,29,4,4,10,182.76,True,False,caught,TA Boult,DA Warner,True,False,,WON,45 runs,False,
829729,829729_2,2015-04-17,2015,4,IPL,Indian Premier League,2015,Chennai Super Kings,Mumbai Indians,Wankhede Stadium,Mumbai,India,AWAY,2,5,3,6,0,0,3,50.0,True,False,caught and bowled,KA Pollard,,True,True,184,WON,6 wickets,False,
829735,829735_1,2015-04-19,2015,4,IPL,Indian Premier League,2015,Chennai Super Kings,Rajasthan Royals,"Sardar Patel Stadium, Motera",Ahmedabad,India,AWAY,1,6,31,37,4,0,19,83.78,False,True,not out,,,True,False,,LOST,8 wickets,False,
829745,829745_1,2015-04-22,2015,4,IPL,Indian Premier League,2015,Chennai Super Kings,Royal Challengers Bangalore,M Chinnaswamy Stadium,Bangalore,India,AWAY,1,4,13,13,2,0,6,100.0,True,False,caught,YS Chahal,AB de Villiers,True,False,,WON,27 runs,False,
829753,829753_1,2015-04-25,2015,4,IPL,Indian Premier League,2015,Chennai Super Kings,Kings XI Punjab,"MA Chidambaram Stadium, Chepauk",Chennai,India,HOME,1,4,41,27,2,2,7,151.85,False,True,not out,,,True,False,,WON,97 runs,False,
829765,829765_1,2015-04-28,2015,4,IPL,Indian Premier League,2015,Chennai Super Kings,Kolkata Knight Riders,"MA Chidambaram Stadium, Chepauk",Chennai,India,HOME,1,5,3,6,0,0,2,50.0,True,False,caught,AD Russell,RV Uthappa,True,False,,WON,2 runs,False,
829723,829723_1,2015-04-30,2015,4,IPL,Indian Premier League,2015,Chennai Super Kings,Kolkata Knight Riders,Eden Gardens,Kolkata,India,AWAY,1,6,1,4,0,0,3,25.0,True,False,bowled,PP Chawla,,True,False,,LOST,7 wickets,False,
829773,829773_2,2015-05-02,2015,5,IPL,Indian Premier League,2015,Chennai Super Kings,Sunrisers Hyderabad,"Rajiv Gandhi International Stadium, Uppal",Hyderabad,India,AWAY,2,5,20,16,2,0,3,125.0,True,False,bowled,A Ashish Reddy,,True,True,193,LOST,22 runs,False,
829779,829779_1,2015-05-04,2015,5,IPL,Indian Premier League,2015,Chennai Super Kings,Royal Challengers Bangalore,"MA Chidambaram Stadium, Chepauk",Chennai,India,HOME,1,5,29,18,2,2,7,161.11,True,False,caught,D Wiese,MA Starc,True,False,,WON,24 runs,False,
829789,829789_1,2015-05-08,2015,5,IPL,Indian Premier League,2015,Chennai Super Kings,Mumbai Indians,"MA Chidambaram Stadium, Chepauk",Chennai,India,HOME,1,5,39,32,2,2,10,121.88,False,True,not out,,,True,False,,LOST,6 wickets,False,
829797,829797_1,2015-05-10,2015,5,IPL,Indian Premier League,2015,Chennai Super Kings,Rajasthan Royals,"MA Chidambaram Stadium, Chepauk",Chennai,India,HOME,1,6,13,7,1,1,2,185.71,False,True,not out,,,True,False,,WON,12 runs,False,
829801,829801_1,2015-05-12,2015,5,IPL,Indian Premier League,2015,Chennai Super Kings,Delhi Daredevils,Shaheed Veer Narayan Singh International Stadium,Raipur,Pakistan,AWAY,1,5,27,24,3,1,10,112.5,True,False,caught,Z Khan,S Nadeem,True,False,,LOST,6 wickets,False,
829809,829809_2,2015-05-16,2015,5,IPL,Indian Premier League,2015,Chennai Super Kings,Kings XI Punjab,"Punjab Cricket Association Stadium, Mohali",Chandigarh,India,AWAY,2,5,25,16,2,2,8,156.25,False,True,not out,,,True,True,131,WON,7 wickets,False,
829817,829817_2,2015-05-19,2015,5,IPL,Indian Premier League,2015,Chennai Super Kings,Mumbai Indians,Wankhede Stadium,Mumbai,India,AWAY,2,5,0,1,0,0,1,0.0,True,False,lbw,Harbhajan Singh,,True,True,188,LOST,25 runs,False,Qualifier 1
829821,829821_2,2015-05-22,2015,5,IPL,Indian Premier League,2015,Chennai Super Kings,Royal Challengers Bangalore,JSCA International Stadium Complex,Ranchi,India,AWAY,2,5,26,29,1,0,9,89.66,True,False,caught,HV Patel,KD Karthik,True,True,140,WON,3 wickets,False,Qualifier 2
829823,829823_2,2015-05-24,2015,5,IPL,Indian Premier League,2015,Chennai Super Kings,Mumbai Indians,Eden Gardens,Kolkata,India,AWAY,2,4,18,13,1,1,5,138.46,True,False,bowled,SL Malinga,,True,True,203,LOST,41 runs,False,Final
870731,870731_2,2015-06-18,2015,6,ODI,India in Bangladesh ODI Series,2015,India,Bangladesh,Shere Bangla National Stadium,Mirpur,Pakistan,NEUTRAL,2,6,5,7,0,0,2,71.43,True,False,caught,Shakib Al Hasan,Mushfiqur Rahim,True,True,308,LOST,79 runs,False,
870733,870733_1,2015-06-21,2015,6,ODI,India in Bangladesh ODI Series,2015,India,Bangladesh,Shere Bangla National Stadium,Mirpur,Pakistan,NEUTRAL,1,4,47,75,3,0,41,62.67,True,False,caught,Mustafizur Rahman,Soumya Sarkar,True,False,,LOST,6 wickets,False,
870735,870735_1,2015-06-24,2015,6,ODI,India in Bangladesh ODI Series,2015,India,Bangladesh,Shere Bangla National Stadium,Mirpur,Pakistan,NEUTRAL,1,4,69,77,6,1,33,89.61,True,False,caught,Mashrafe Mortaza,Mustafizur Rahman,True,False,,WON,77 runs,False,
903587,903587_1,2015-10-02,2015,10,T20I,South Africa in India T20I Series,2015/16,India,South Africa,Himachal Pradesh Cricket Association Stadium,Dharmasala,India,HOME,1,5,20,12,2,1,3,166.67,False,True,not out,,,True,False,,LOST,7 wickets,False,
903589,903589_1,2015-10-05,2015,10,T20I,South Africa in India T20I Series,2015/16,India,South Africa,Barabati Stadium,Cuttack,India,HOME,1,6,5,8,0,0,3,62.5,True,False,caught,JA Morkel,AB de Villiers,True,False,,LOST,6 wickets,False,
903593,903593_2,2015-10-11,2015,10,ODI,South Africa in India ODI Series,2015/16,India,South Africa,Green Park,Kanpur,India,HOME,2,5,31,30,1,0,6,103.33,True,False,caught and bowled,K Rabada,,True,True,304,LOST,5 runs,False,
903595,903595_1,2015-10-14,2015,10,ODI,South Africa in India ODI Series,2015/16,India,South Africa,Holkar Cricket Stadium,Indore,India,HOME,1,5,92,86,7,4,40,106.98,False,True,not out,,,True,False,,WON,22 runs,True,
903597,903597_2,2015-10-18,2015,10,ODI,South Africa in India ODI Series,2015/16,India,South Africa,Saurashtra Cricket Association Stadium,Rajkot,India,HOME,2,4,47,61,5,0,34,77.05,True,False,caught,M Morkel,DW Steyn,True,True,271,LOST,18 runs,False,
903599,903599_1,2015-10-22,2015,10,ODI,South Africa in India ODI Series,2015/16,India,South Africa,"MA Chidambaram Stadium, Chepauk",Chennai,India,HOME,1,6,15,16,1,0,4,93.75,True,False,caught,DW Steyn,AB de Villiers,True,False,,WON,35 runs,False,
903601,903601_2,2015-10-25,2015,10,ODI,South Africa in India ODI Series,2015/16,India,South Africa,Wankhede Stadium,Mumbai,India,HOME,2,6,27,29,3,0,13,93.1,True,False,bowled,Imran Tahir,,True,True,439,LOST,214 runs,False,
895807,895807_1,2016-01-12,2016,1,ODI,India in Australia ODI Series,2015/16,India,Australia,Western Australia Cricket Association Ground,Perth,Australia,AWAY,1,4,18,13,1,1,4,138.46,True,False,caught,JP Faulkner,SM Boland,True,False,,LOST,5 wickets,False,
895809,895809_1,2016-01-15,2016,1,ODI,India in Australia ODI Series,2015/16,India,Australia,"Brisbane Cricket Ground, Woolloongabba",Brisbane,Australia,AWAY,1,5,11,10,0,0,2,110.0,True,False,caught,SM Boland,GJ Maxwell,True,False,,LOST,7 wickets,False,
895811,895811_1,2016-01-17,2016,1,ODI,India in Australia ODI Series,2015/16,India,Australia,Melbourne Cricket Ground,,Australia,AWAY,1,5,23,9,2,2,2,255.56,True,False,caught,JW Hastings,GJ Maxwell,True,False,,LOST,3 wickets,False,
895813,895813_2,2016-01-20,2016,1,ODI,India in Australia ODI Series,2015/16,India,Australia,Manuka Oval,Canberra,Australia,AWAY,2,4,0,3,0,0,3,0.0,True,False,caught,JW Hastings,MS Wade,True,True,349,LOST,25 runs,False,
895815,895815_2,2016-01-23,2016,1,ODI,India in Australia ODI Series,2015/16,India,Australia,Sydney Cricket Ground,,Australia,AWAY,2,5,34,42,1,1,16,80.95,True,False,caught,MR Marsh,DA Warner,True,True,331,WON,6 wickets,False,
895817,895817_1,2016-01-26,2016,1,T20I,India in Australia T20I Series,2015/16,India,Australia,Adelaide Oval,,Australia,AWAY,1,5,11,3,1,1,0,366.67,False,True,not out,,,True,False,,WON,37 runs,False,
895819,895819_1,2016-01-29,2016,1,T20I,India in Australia T20I Series,2015/16,India,Australia,Melbourne Cricket Ground,,Australia,AWAY,1,4,14,9,2,0,2,155.56,True,False,caught,AJ Tye,SR Watson,True,False,,WON,27 runs,False,
963697,963697_1,2016-02-09,2016,2,T20I,Sri Lanka in India T20I Series,2015/16,India,Sri Lanka,Maharashtra Cricket Association Stadium,Pune,India,HOME,1,6,2,2,0,0,1,100.0,True,False,caught,MD Shanaka,N Dickwella,True,False,,LOST,5 wickets,False,
963699,963699_1,2016-02-12,2016,2,T20I,Sri Lanka in India T20I Series,2015/16,India,Sri Lanka,JSCA International Stadium Complex,Ranchi,India,HOME,1,6,9,5,1,0,1,180.0,False,True,not out,,,True,False,,WON,69 runs,False,
966745,966745_1,2016-02-24,2016,2,T20I,Asia Cup,2015/16,India,Bangladesh,Shere Bangla National Stadium,Dhaka,Pakistan,NEUTRAL,1,7,8,2,0,1,0,400.0,False,True,not out,,,True,False,,WON,45 runs,False,
966751,966751_2,2016-02-27,2016,2,T20I,Asia Cup,2015/16,India,Pakistan,Shere Bangla National Stadium,Mirpur,Pakistan,AWAY,2,7,7,3,1,0,1,233.33,False,True,not out,,,True,True,84,WON,5 wickets,False,
966757,966757_2,2016-03-01,2016,3,T20I,Asia Cup,2015/16,India,Sri Lanka,Shere Bangla National Stadium,Mirpur,Pakistan,NEUTRAL,2,7,7,4,0,1,2,175.0,False,True,not out,,,True,True,139,WON,5 wickets,False,
966765,966765_2,2016-03-06,2016,3,T20I,Asia Cup,2015/16,India,Bangladesh,Shere Bangla National Stadium,Mirpur,Pakistan,NEUTRAL,2,4,20,6,1,2,0,333.33,False,True,not out,,,True,True,121,WON,8 wickets,False,Final
951329,951329_2,2016-03-15,2016,3,T20I,World T20,2015/16,India,New Zealand,"Vidarbha Cricket Association Stadium, Jamtha",Nagpur,India,HOME,2,6,30,30,1,1,9,100.0,True,False,caught,MJ Santner,NL McCullum,True,True,127,LOST,47 runs,False,Super 10
951341,951341_2,2016-03-19,2016,3,T20I,World T20,2015/16,India,Pakistan,Eden Gardens,Kolkata,India,HOME,2,6,13,9,0,1,1,144.44,False,True,not out,,,True,True,119,WON,6 wickets,False,Super 10
951353,951353_1,2016-03-23,2016,3,T20I,World T20,2015/16,India,Bangladesh,M Chinnaswamy Stadium,Bangalore,India,HOME,1,6,13,12,1,0,3,108.33,False,True,not out,,,True,False,,WON,1 runs,False,Super 10
951363,951363_2,2016-03-27,2016,3,T20I,World T20,2015/16,India,Australia,"Punjab Cricket Association IS Bindra Stadium, Mohali",Chandigarh,Unknown,NEUTRAL,2,6,18,10,3,0,2,180.0,False,True,not out,,,True,True,161,WON,6 wickets,False,Super 10
951371,951371_1,2016-03-31,2016,3,T20I,World T20,2015/16,India,West Indies,Wankhede Stadium,Mumbai,India,HOME,1,4,15,9,1,0,0,166.67,False,True,not out,,,True,False,,LOST,7 wickets,False,Semi Final
980911,980911_1,2016-04-14,2016,4,IPL,Indian Premier League,2016,Rising Pune Supergiants,Gujarat Lions,Saurashtra Cricket Association Stadium,Rajkot,India,AWAY,1,5,22,10,2,1,1,220.0,False,True,not out,,,True,False,,LOST,7 wickets,False,
980919,980919_1,2016-04-17,2016,4,IPL,Indian Premier League,2016,Rising Pune Supergiants,Kings XI Punjab,"Punjab Cricket Association IS Bindra Stadium, Mohali",Chandigarh,Unknown,AWAY,1,6,1,2,0,0,1,50.0,True,False,caught,MM Sharma,GJ Maxwell,True,False,,LOST,6 wickets,False,
980931,980931_2,2016-04-22,2016,4,IPL,Indian Premier League,2016,Rising Pune Supergiants,Royal Challengers Bangalore,Maharashtra Cricket Association Stadium,Pune,India,HOME,2,5,41,38,3,0,9,107.89,True,False,caught,HV Patel,AB de Villiers,True,True,186,LOST,13 runs,False,
980939,980939_1,2016-04-24,2016,4,IPL,Indian Premier League,2016,Rising Pune Supergiants,Kolkata Knight Riders,Maharashtra Cricket Association Stadium,Pune,India,HOME,1,6,23,12,2,1,2,191.67,False,True,not out,,,True,False,,LOST,2 wickets,False,
980943,980943_2,2016-04-26,2016,4,IPL,Indian Premier League,2016,Rising Pune Supergiants,Sunrisers Hyderabad,"Rajiv Gandhi International Stadium, Uppal",Hyderabad,India,AWAY,2,4,5,4,1,0,2,125.0,True,False,caught,A Nehra,AP Tare,True,True,119,WON,34 runs,False,
980949,980949_1,2016-04-29,2016,4,IPL,Indian Premier League,2016,Rising Pune Supergiants,Gujarat Lions,Maharashtra Cricket Association Stadium,Pune,India,HOME,1,4,30,18,2,2,5,166.67,False,True,not out,,,True,False,,LOST,3 wickets,False,
980957,980957_1,2016-05-01,2016,5,IPL,Indian Premier League,2016,Rising Pune Supergiants,Mumbai Indians,Maharashtra Cricket Association Stadium,Pune,India,HOME,1,5,24,24,2,0,9,100.0,True,False,caught,JJ Bumrah,AT Rayudu,True,False,,LOST,8 wickets,False,
980965,980965_2,2016-05-05,2016,5,IPL,Indian Premier League,2016,Rising Pune Supergiants,Delhi Daredevils,Feroz Shah Kotla,Delhi,India,AWAY,2,4,27,20,1,2,6,135.0,True,False,caught,Imran Tahir,SW Billings,True,True,163,WON,7 wickets,False,
980969,980969_1,2016-05-07,2016,5,IPL,Indian Premier League,2016,Rising Pune Supergiants,Royal Challengers Bangalore,M Chinnaswamy Stadium,Bangalore,India,AWAY,1,4,9,8,0,1,4,112.5,True,False,caught,SR Watson,Parvez Rasool,True,False,,LOST,7 wickets,False,
980979,980979_2,2016-05-10,2016,5,IPL,Indian Premier League,2016,Rising Pune Supergiants,Sunrisers Hyderabad,Dr. Y.S. Rajasekhara Reddy ACA-VDCA Cricket Stadium,Visakhapatnam,India,AWAY,2,6,30,20,1,2,4,150.0,True,False,run out,A Nehra,"BB Sran, Yuvraj Singh",True,True,138,LOST,4 runs,False,
980989,980989_1,2016-05-14,2016,5,IPL,Indian Premier League,2016,Rising Pune Supergiants,Kolkata Knight Riders,Eden Gardens,Kolkata,India,AWAY,1,6,8,22,0,0,14,36.36,False,True,not out,,,True,False,,LOST,8 wickets,False,
981005,981005_2,2016-05-21,2016,5,IPL,Indian Premier League,2016,Rising Pune Supergiants,Kings XI Punjab,Dr. Y.S. Rajasekhara Reddy ACA-VDCA Cricket Stadium,Visakhapatnam,India,AWAY,2,5,64,32,4,5,10,200.0,False,True,not out,,,True,True,173,WON,4 wickets,True,
1007655,1007655_2,2016-06-18,2016,6,T20I,India in Zimbabwe T20I Series,2016,India,Zimbabwe,Harare Sports Club,,Zimbabwe,AWAY,2,6,19,17,1,0,2,111.76,False,True,not out,,,True,True,171,LOST,2 runs,False,
1007659,1007659_1,2016-06-22,2016,6,T20I,India in Zimbabwe T20I Series,2016,India,Zimbabwe,Harare Sports Club,,Zimbabwe,AWAY,1,6,9,13,1,0,8,69.23,True,False,bowled,DT Tiripano,,True,False,,WON,3 runs,False,
1041615,1041615_2,2016-08-27,2016,8,T20I,West Indies v India T20I Series,2016,India,West Indies,Central Broward Regional Park Stadium Turf Ground,Lauderhill,United States of America,NEUTRAL,2,5,43,25,2,2,4,172.0,True,False,caught,DJ Bravo,MN Samuels,True,True,246,LOST,1 runs,False,
1030219,1030219_2,2016-10-16,2016,10,ODI,New Zealand in India ODI Series,2016/17,India,New Zealand,Himachal Pradesh Cricket Association Stadium,Dharmasala,India,HOME,2,5,21,24,1,1,12,87.5,True,False,run out,MJ Santner,"MJ Guptill, L Ronchi",True,True,191,WON,6 wickets,False,
1030221,1030221_2,2016-10-20,2016,10,ODI,New Zealand in India ODI Series,2016/17,India,New Zealand,Feroz Shah Kotla,Delhi,India,HOME,2,5,39,65,3,0,37,60.0,True,False,caught and bowled,TG Southee,,True,True,243,LOST,6 runs,False,
1030223,1030223_2,2016-10-23,2016,10,ODI,New Zealand in India ODI Series,2016/17,India,New Zealand,"Punjab Cricket Association Stadium, Mohali",Chandigarh,India,HOME,2,4,80,91,6,3,46,87.91,True,False,caught,MJ Henry,LRPL Taylor,True,True,286,WON,7 wickets,False,
1030225,1030225_2,2016-10-26,2016,10,ODI,New Zealand in India ODI Series,2016/17,India,New Zealand,JSCA International Stadium Complex,Ranchi,India,HOME,2,4,11,31,0,0,23,35.48,True,False,bowled,JDS Neesham,,True,True,261,LOST,19 runs,False,
1030227,1030227_1,2016-10-29,2016,10,ODI,New Zealand in India ODI Series,2016/17,India,New Zealand,Dr. Y.S. Rajasekhara Reddy ACA-VDCA Cricket Stadium,Visakhapatnam,India,HOME,1,4,41,59,4,1,36,69.49,True,False,lbw,MJ Santner,,True,False,,WON,190 runs,False,
1034819,1034819_2,2017-01-15,2017,1,ODI,England in India ODI Series,2016/17,India,England,Maharashtra Cricket Association Stadium,Pune,India,HOME,2,5,6,6,1,0,3,100.0,True,False,caught,JT Ball,DJ Willey,False,True,351,WON,3 wickets,False,
1034821,1034821_1,2017-01-19,2017,1,ODI,England in India ODI Series,2016/17,India,England,Barabati Stadium,Cuttack,India,HOME,1,5,134,122,10,6,52,109.84,True,False,caught,LE Plunkett,DJ Willey,False,False,,WON,15 runs,False,
1034823,1034823_2,2017-01-22,2017,1,ODI,England in India ODI Series,2016/17,India,England,Eden Gardens,Kolkata,India,HOME,2,5,25,36,1,1,18,69.44,True,False,caught,JT Ball,JC Buttler,False,True,322,LOST,5 runs,False,
1034825,1034825_1,2017-01-26,2017,1,T20I,England in India T20I Series,2016/17,India,England,Green Park,Kanpur,India,HOME,1,5,36,27,3,0,4,133.33,False,True,not out,,,False,False,,LOST,7 wickets,False,
1034827,1034827_1,2017-01-29,2017,1,T20I,England in India T20I Series,2016/17,India,England,"Vidarbha Cricket Association Stadium, Jamtha",Nagpur,India,HOME,1,6,5,7,0,0,2,71.43,True,False,bowled,CJ Jordan,,False,False,,WON,5 runs,False,
1034829,1034829_1,2017-02-01,2017,2,T20I,England in India T20I Series,2016/17,India,England,M Chinnaswamy Stadium,Bangalore,India,HOME,1,4,56,36,5,2,8,155.56,True,False,caught,CJ Jordan,AU Rashid,False,False,,WON,75 runs,False,
1082592,1082592_2,2017-04-06,2017,4,IPL,Indian Premier League,2017,Rising Pune Supergiant,Mumbai Indians,Maharashtra Cricket Association Stadium,Pune,India,HOME,2,5,12,12,1,0,3,100.0,False,True,not out,,,False,True,185,WON,7 wickets,False,
1082594,1082594_1,2017-04-08,2017,4,IPL,Indian Premier League,2017,Rising Pune Supergiant,Kings XI Punjab,Holkar Cricket Stadium,Indore,India,AWAY,1,5,5,11,0,0,6,45.45,True,False,caught and bowled,Swapnil Singh,,False,False,,LOST,6 wickets,False,
1082599,1082599_2,2017-04-11,2017,4,IPL,Indian Premier League,2017,Rising Pune Supergiant,Delhi Daredevils,Maharashtra Cricket Association Stadium,Pune,India,HOME,2,6,11,14,0,1,8,78.57,True,False,caught,A Mishra,KK Nair,False,True,206,LOST,97 runs,False,
1082603,1082603_1,2017-04-14,2017,4,IPL,Indian Premier League,2017,Rising Pune Supergiant,Gujarat Lions,Saurashtra Cricket Association Stadium,Rajkot,India,AWAY,1,6,5,8,0,0,3,62.5,True,False,lbw,RA Jadeja,,False,False,,LOST,7 wickets,False,
1082607,1082607_1,2017-04-16,2017,4,IPL,Indian Premier League,2017,Rising Pune Supergiant,Royal Challengers Bangalore,M Chinnaswamy Stadium,Bangalore,India,AWAY,1,4,28,25,3,1,11,112.0,True,False,bowled,SR Watson,,False,False,,WON,27 runs,False,
1082615,1082615_2,2017-04-22,2017,4,IPL,Indian Premier League,2017,Rising Pune Supergiant,Sunrisers Hyderabad,Maharashtra Cricket Association Stadium,Pune,India,HOME,2,4,61,34,5,3,7,179.41,False,True,not out,,,False,True,177,WON,6 wickets,True,
1082618,1082618_1,2017-04-24,2017,4,IPL,Indian Premier League,2017,Rising Pune Supergiant,Mumbai Indians,Wankhede Stadium,Mumbai,India,AWAY,1,4,7,11,0,0,4,63.64,True,False,bowled,JJ Bumrah,,False,False,,WON,3 runs,False,
1082620,1082620_1,2017-04-26,2017,4,IPL,Indian Premier League,2017,Rising Pune Supergiant,Kolkata Knight Riders,Maharashtra Cricket Association Stadium,Pune,India,HOME,1,4,23,11,1,2,3,209.09,True,False,stumped,Kuldeep Yadav,RV Uthappa,False,False,,LOST,7 wickets,False,
1082624,1082624_1,2017-04-29,2017,4,IPL,Indian Premier League,2017,Rising Pune Supergiant,Royal Challengers Bangalore,Maharashtra Cricket Association Stadium,Pune,India,HOME,1,5,21,17,1,1,5,123.53,False,True,not out,,,False,False,,WON,61 runs,False,
1082629,1082629_2,2017-05-01,2017,5,IPL,Indian Premier League,2017,Rising Pune Supergiant,Gujarat Lions,Maharashtra Cricket Association Stadium,Pune,India,HOME,2,6,26,33,1,1,17,78.79,True,False,caught,Basil Thampi,BB McCullum,False,True,162,WON,5 wickets,False,
1082631,1082631_2,2017-05-03,2017,5,IPL,Indian Premier League,2017,Rising Pune Supergiant,Kolkata Knight Riders,Eden Gardens,Kolkata,India,AWAY,2,6,5,9,0,0,4,55.56,True,False,caught,Kuldeep Yadav,SP Jackson,False,True,156,WON,4 wickets,False,
1082634,1082634_1,2017-05-06,2017,5,IPL,Indian Premier League,2017,Rising Pune Supergiant,Sunrisers Hyderabad,"Rajiv Gandhi International Stadium, Uppal",Hyderabad,India,AWAY,1,5,31,21,2,2,8,147.62,True,False,caught,S Kaul,NV Ojha,False,False,,WON,12 runs,False,
1082642,1082642_2,2017-05-12,2017,5,IPL,Indian Premier League,2017,Rising Pune Supergiant,Delhi Daredevils,Feroz Shah Kotla,Delhi,India,AWAY,2,6,5,5,0,0,2,100.0,True,False,run out,PJ Cummins,Mohammed Shami,False,True,169,LOST,7 runs,False,
1082647,1082647_1,2017-05-16,2017,5,IPL,Indian Premier League,2017,Rising Pune Supergiant,Mumbai Indians,Wankhede Stadium,Mumbai,India,AWAY,1,5,40,26,0,5,12,153.85,False,True,not out,,,False,False,,WON,20 runs,False,Qualifier 1
1082650,1082650_2,2017-05-21,2017,5,IPL,Indian Premier League,2017,Rising Pune Supergiant,Mumbai Indians,"Rajiv Gandhi International Stadium, Uppal",Hyderabad,India,AWAY,2,4,10,13,1,0,6,76.92,True,False,caught,JJ Bumrah,PA Patel,False,True,130,LOST,1 runs,False,Final
1022361,1022361_1,2017-06-08,2017,6,ODI,ICC Champions Trophy,2017,India,Sri Lanka,Kennington Oval,London,England,NEUTRAL,1,5,63,52,7,2,21,121.15,True,False,caught,NLTC Perera,LD Chandimal,False,False,,LOST,7 wickets,False,
1022375,1022375_2,2017-06-18,2017,6,ODI,ICC Champions Trophy,2017,India,Pakistan,Kennington Oval,London,England,NEUTRAL,2,5,4,16,0,0,13,25.0,True,False,caught,Hasan Ali,Imad Wasim,False,True,339,LOST,180 runs,False,Final
1098206,1098206_1,2017-06-23,2017,6,ODI,India in West Indies ODI Series,2017,India,West Indies,"Queen's Park Oval, Port of Spain",Trinidad,Trinidad and Tobago,AWAY,1,5,9,9,1,0,3,100.0,False,True,not out,,,False,False,,NO_RESULT,,False,
1098207,1098207_1,2017-06-25,2017,6,ODI,India in West Indies ODI Series,2017,India,West Indies,"Queen's Park Oval, Port of Spain",Trinidad,Trinidad and Tobago,AWAY,1,6,13,13,1,0,3,100.0,False,True,not out,,,False,False,,WON,105 runs,False,
1098208,1098208_1,2017-06-30,2017,6,ODI,India in West Indies ODI Series,2017,India,West Indies,"Sir Vivian Richards Stadium, North Sound",Antigua,Antigua and Barbuda,AWAY,1,5,78,79,4,2,31,98.73,False,True,not out,,,False,False,,WON,93 runs,True,
1098209,1098209_2,2017-07-02,2017,7,ODI,India in West Indies ODI Series,2017,India,West Indies,"Sir Vivian Richards Stadium, North Sound",Antigua,Antigua and Barbuda,AWAY,2,5,54,114,1,0,70,47.37,True,False,caught,KOK Williams,AS Joseph,False,True,190,LOST,11 runs,False,
1098211,1098211_1,2017-07-09,2017,7,T20I,T20I Series,2017,India,West Indies,"Sabina Park, Kingston",Jamaica,Jamaica,AWAY,1,5,2,3,0,0,1,66.67,True,False,caught,JE Taylor,MN Samuels,False,False,,LOST,9 wickets,False,
1109606,1109606_2,2017-08-24,2017,8,ODI,India tour of Sri Lanka,2017,India,Sri Lanka,Pallekele International Cricket Stadium,,Sri Lanka,AWAY,2,6,45,68,1,0,28,66.18,False,True,not out,,,False,True,237,WON,3 wickets,False,
1109607,1109607_2,2017-08-27,2017,8,ODI,India tour of Sri Lanka,2017,India,Sri Lanka,Pallekele International Cricket Stadium,,Sri Lanka,AWAY,2,6,67,86,4,1,41,77.91,False,True,not out,,,False,True,218,WON,6 wickets,False,
1109608,1109608_1,2017-08-31,2017,8,ODI,India tour of Sri Lanka,2017,India,Sri Lanka,"R.Premadasa Stadium, Khettarama",Colombo,Sri Lanka,AWAY,1,7,49,42,5,1,16,116.67,False,True,not out,,,False,False,,WON,168 runs,False,
1109609,1109609_2,2017-09-03,2017,9,ODI,India tour of Sri Lanka,2017,India,Sri Lanka,"R.Premadasa Stadium, Khettarama",Colombo,Sri Lanka,AWAY,2,6,1,1,0,0,0,100.0,False,True,not out,,,False,True,239,WON,6 wickets,False,
1109610,1109610_2,2017-09-06,2017,9,T20I,India tour of Sri Lanka,2017,India,Sri Lanka,"R.Premadasa Stadium, Khettarama",Colombo,Sri Lanka,AWAY,2,5,1,1,0,0,0,100.0,False,True,not out,,,False,True,171,WON,7 wickets,False,
1119496,1119496_1,2017-09-17,2017,9,ODI,Australia tour of India,2017/18,India,Australia,"MA Chidambaram Stadium, Chepauk",Chennai,India,HOME,1,6,79,88,4,2,38,89.77,True,False,caught,JP Faulkner,DA Warner,False,False,,WON,26 runs,False,
1119497,1119497_1,2017-09-21,2017,9,ODI,Australia tour of India,2017/18,India,Australia,Eden Gardens,Kolkata,India,HOME,1,6,5,10,1,0,8,50.0,True,False,caught,KW Richardson,SPD Smith,False,False,,WON,50 runs,False,
1119498,1119498_2,2017-09-24,2017,9,ODI,Australia tour of India,2017/18,India,Australia,Holkar Cricket Stadium,Indore,India,HOME,2,7,3,6,0,0,3,50.0,False,True,not out,,,False,True,294,WON,5 wickets,False,
1119499,1119499_2,2017-09-28,2017,9,ODI,Australia tour of India,2017/18,India,Australia,M.Chinnaswamy Stadium,Bengaluru,India,HOME,2,7,13,10,1,1,6,130.0,True,False,bowled,KW Richardson,,False,True,335,LOST,21 runs,False,
1119502,1119502_1,2017-10-10,2017,10,T20I,Australia tour of India,2017/18,India,Australia,Barsapara Cricket Stadium,Guwahati,India,HOME,1,6,13,16,1,0,8,81.25,True,False,stumped,A Zampa,TD Paine,False,False,,LOST,8 wickets,False,
1120090,1120090_1,2017-10-22,2017,10,ODI,New Zealand tour of India,2017/18,India,New Zealand,Wankhede Stadium,Mumbai,India,HOME,1,6,25,42,2,0,24,59.52,True,False,caught,TA Boult,MJ Guptill,False,False,,LOST,6 wickets,False,
1120091,1120091_2,2017-10-25,2017,10,ODI,New Zealand tour of India,2017/18,India,New Zealand,Maharashtra Cricket Association Stadium,Pune,India,HOME,2,6,18,21,3,0,12,85.71,False,True,not out,,,False,True,231,WON,6 wickets,False,
1120092,1120092_1,2017-10-29,2017,10,ODI,New Zealand tour of India,2017/18,India,New Zealand,Green Park,Kanpur,India,HOME,1,5,25,17,3,0,2,147.06,True,False,caught,AF Milne,C Munro,False,False,,WON,6 runs,False,
1120093,1120093_1,2017-11-01,2017,11,T20I,New Zealand tour of India,2017/18,India,New Zealand,Arun Jaitley Stadium,Delhi,India,HOME,1,5,7,2,0,1,0,350.0,False,True,not out,,,False,False,,WON,53 runs,False,
1120094,1120094_2,2017-11-04,2017,11,T20I,New Zealand tour of India,2017/18,India,New Zealand,Saurashtra Cricket Association Stadium,Rajkot,India,HOME,2,6,49,37,2,3,11,132.43,True,False,caught,TA Boult,MJ Santner,False,True,197,LOST,40 runs,False,
1120095,1120095_1,2017-11-07,2017,11,T20I,New Zealand tour of India,2017/18,India,New Zealand,Greenfield International Stadium,Thiruvananthapuram,Pakistan,NEUTRAL,1,7,0,0,0,0,0,0.0,False,True,not out,,,False,False,,WON,6 runs,False,
1122726,1122726_1,2017-12-10,2017,12,ODI,Sri Lanka tour of India,2017/18,India,Sri Lanka,Himachal Pradesh Cricket Association Stadium,Dharamsala,India,HOME,1,6,65,87,10,2,60,74.71,True,False,caught,NLTC Perera,MD Gunathilaka,False,False,,LOST,7 wickets,False,
1122727,1122727_1,2017-12-13,2017,12,ODI,Sri Lanka tour of India,2017/18,India,Sri Lanka,"Punjab Cricket Association IS Bindra Stadium, Mohali",Chandigarh,Unknown,NEUTRAL,1,4,7,5,0,1,3,140.0,True,False,lbw,NLTC Perera,,False,False,,WON,141 runs,False,
1122729,1122729_1,2017-12-20,2017,12,T20I,Sri Lanka tour of India,2017/18,India,Sri Lanka,Barabati Stadium,Cuttack,India,HOME,1,4,39,22,4,1,1,177.27,False,True,not out,,,False,False,,WON,93 runs,False,
1122730,1122730_1,2017-12-22,2017,12,T20I,Sri Lanka tour of India,2017/18,India,Sri Lanka,Holkar Cricket Stadium,Indore,India,HOME,1,3,28,21,2,2,6,133.33,True,False,bowled,NLTC Perera,,False,False,,WON,88 runs,False,
1122731,1122731_2,2017-12-24,2017,12,T20I,Sri Lanka tour of India,2017/18,India,Sri Lanka,Wankhede Stadium,Mumbai,India,HOME,2,7,16,10,2,0,2,160.0,False,True,not out,,,False,True,136,WON,5 wickets,False,
1122279,1122279_2,2018-02-01,2018,2,ODI,India tour of South Africa,2017/18,India,South Africa,Kingsmead,Durban,South Africa,AWAY,2,6,4,3,1,0,2,133.33,False,True,not out,,,False,True,270,WON,6 wickets,False,
1122281,1122281_1,2018-02-07,2018,2,ODI,India tour of South Africa,2017/18,India,South Africa,Newlands,Cape Town,South Africa,AWAY,1,6,10,22,0,0,13,45.45,True,False,caught,Imran Tahir,L Ngidi,False,False,,WON,124 runs,False,
1122282,1122282_1,2018-02-10,2018,2,ODI,India tour of South Africa,2017/18,India,South Africa,The Wanderers Stadium,Johannesburg,South Africa,AWAY,1,6,42,43,3,1,17,97.67,False,True,not out,,,False,False,,LOST,5 wickets,False,
1122283,1122283_1,2018-02-13,2018,2,ODI,India tour of South Africa,2017/18,India,South Africa,St George's Park,Port Elizabeth,South Africa,AWAY,1,7,13,17,1,0,8,76.47,True,False,caught,L Ngidi,AK Markram,False,False,,WON,73 runs,False,
1122285,1122285_1,2018-02-18,2018,2,T20I,India tour of South Africa,2017/18,India,South Africa,The Wanderers Stadium,Johannesburg,South Africa,AWAY,1,6,16,11,2,0,2,145.45,True,False,bowled,CH Morris,,False,False,,WON,28 runs,False,
1122286,1122286_1,2018-02-21,2018,2,T20I,India tour of South Africa,2017/18,India,South Africa,SuperSport Park,Centurion,South Africa,AWAY,1,6,52,28,4,3,7,185.71,False,True,not out,,,False,False,,LOST,6 wickets,False,
1122287,1122287_1,2018-02-24,2018,2,T20I,India tour of South Africa,2017/18,India,South Africa,Newlands,Cape Town,South Africa,AWAY,1,6,12,11,1,0,3,109.09,True,False,caught,CJ Dala,DA Miller,False,False,,WON,7 runs,False,
1136561,1136561_2,2018-04-07,2018,4,IPL,Indian Premier League,2018,Chennai Super Kings,Mumbai Indians,Wankhede Stadium,Mumbai,India,AWAY,2,5,5,5,0,0,1,100.0,True,False,lbw,M Markande,,True,True,166,WON,1 wickets,False,
1136565,1136565_2,2018-04-10,2018,4,IPL,Indian Premier League,2018,Chennai Super Kings,Kolkata Knight Riders,MA Chidambaram Stadium,Chennai,India,HOME,2,4,25,28,1,1,10,89.29,True,False,caught,PP Chawla,KD Karthik,True,True,203,WON,5 wickets,False,
1136572,1136572_2,2018-04-15,2018,4,IPL,Indian Premier League,2018,Chennai Super Kings,Kings XI Punjab,Punjab Cricket Association IS Bindra Stadium,Chandigarh,Unknown,AWAY,2,5,79,44,6,5,9,179.55,False,True,not out,,,True,True,198,LOST,4 runs,False,
1136577,1136577_1,2018-04-20,2018,4,IPL,Indian Premier League,2018,Chennai Super Kings,Rajasthan Royals,Maharashtra Cricket Association Stadium,Pune,India,AWAY,1,4,5,3,1,0,1,166.67,True,False,caught,S Gopal,K Gowtham,True,False,,WON,64 runs,False,
1136580,1136580_1,2018-04-22,2018,4,IPL,Indian Premier League,2018,Chennai Super Kings,Sunrisers Hyderabad,Rajiv Gandhi International Stadium,Hyderabad,India,AWAY,1,5,25,12,3,1,2,208.33,False,True,not out,,,True,False,,WON,4 runs,False,
1136584,1136584_2,2018-04-25,2018,4,IPL,Indian Premier League,2018,Chennai Super Kings,Royal Challengers Bangalore,M.Chinnaswamy Stadium,Bengaluru,India,AWAY,2,6,70,34,1,7,5,205.88,False,True,not out,,,True,True,206,WON,5 wickets,True,
1136587,1136587_1,2018-04-28,2018,4,IPL,Indian Premier League,2018,Chennai Super Kings,Mumbai Indians,Maharashtra Cricket Association Stadium,Pune,India,AWAY,1,4,26,21,3,1,8,123.81,True,False,caught,MJ McClenaghan,E Lewis,True,False,,LOST,8 wickets,False,
1136590,1136590_1,2018-04-30,2018,4,IPL,Indian Premier League,2018,Chennai Super Kings,Delhi Daredevils,Maharashtra Cricket Association Stadium,Pune,India,AWAY,1,5,51,22,2,5,3,231.82,False,True,not out,,,True,False,,WON,13 runs,False,
1136593,1136593_1,2018-05-03,2018,5,IPL,Indian Premier League,2018,Chennai Super Kings,Kolkata Knight Riders,Eden Gardens,Kolkata,India,AWAY,1,5,43,25,1,4,6,172.0,False,True,not out,,,True,False,,LOST,6 wickets,False,
1136595,1136595_2,2018-05-05,2018,5,IPL,Indian Premier League,2018,Chennai Super Kings,Royal Challengers Bangalore,Maharashtra Cricket Association Stadium,Pune,India,AWAY,2,5,31,23,1,3,10,134.78,False,True,not out,,,True,True,128,WON,6 wickets,False,
1136603,1136603_1,2018-05-11,2018,5,IPL,Indian Premier League,2018,Chennai Super Kings,Rajasthan Royals,Sawai Mansingh Stadium,Jaipur,India,AWAY,1,4,33,23,1,1,4,143.48,False,True,not out,,,True,False,,LOST,4 wickets,False,
1136606,1136606_2,2018-05-13,2018,5,IPL,Indian Premier League,2018,Chennai Super Kings,Sunrisers Hyderabad,Maharashtra Cricket Association Stadium,Pune,India,AWAY,2,4,20,14,1,1,2,142.86,False,True,not out,,,True,True,180,WON,8 wickets,False,
1136612,1136612_2,2018-05-18,2018,5,IPL,Indian Premier League,2018,Chennai Super Kings,Delhi Daredevils,Arun Jaitley Stadium,Delhi,India,AWAY,2,4,17,23,1,0,11,73.91,True,False,caught,TA Boult,SS Iyer,True,True,163,LOST,34 runs,False,
1136616,1136616_2,2018-05-20,2018,5,IPL,Indian Premier League,2018,Chennai Super Kings,Kings XI Punjab,Maharashtra Cricket Association Stadium,Pune,India,AWAY,2,7,16,7,1,1,0,228.57,False,True,not out,,,True,True,154,WON,5 wickets,False,
1136617,1136617_2,2018-05-22,2018,5,IPL,Indian Premier League,2018,Chennai Super Kings,Sunrisers Hyderabad,Wankhede Stadium,Mumbai,India,AWAY,2,5,9,18,1,0,12,50.0,True,False,bowled,Rashid Khan,,True,True,140,WON,2 wickets,False,Qualifier 1
1140992,1140992_1,2018-06-27,2018,6,T20I,India tour of Ireland and England,2018,India,Ireland,"The Village, Malahide",Dublin,Unknown,NEUTRAL,1,4,11,5,1,1,2,220.0,True,False,caught,PKD Chase,SR Thompson,False,False,,WON,76 runs,False,
1119544,1119544_1,2018-07-06,2018,7,T20I,India tour of Ireland and England,2018,India,England,Sophia Gardens,Cardiff,England,AWAY,1,6,32,24,5,0,8,133.33,False,True,not out,,,False,False,,LOST,5 wickets,False,
1119547,1119547_2,2018-07-14,2018,7,ODI,India tour of Ireland and England,2018,India,England,Lord's,London,England,AWAY,2,6,37,59,2,0,30,62.71,True,False,caught,LE Plunkett,BA Stokes,False,True,323,LOST,86 runs,False,
1119548,1119548_1,2018-07-17,2018,7,ODI,India tour of Ireland and England,2018,India,England,Headingley,Leeds,England,AWAY,1,5,42,66,4,0,36,63.64,True,False,caught,DJ Willey,JC Buttler,False,False,,LOST,8 wickets,False,
1153246,1153246_1,2018-09-18,2018,9,ODI,Asia Cup,2018,India,Hong Kong,Dubai International Cricket Stadium,,United Arab Emirates,NEUTRAL,1,5,0,3,0,0,3,0.0,True,False,caught,Ehsan Khan,SS McKechnie,False,False,,WON,26 runs,False,
1153249,1153249_2,2018-09-21,2018,9,ODI,Asia Cup,2018,India,Bangladesh,Dubai International Cricket Stadium,,United Arab Emirates,NEUTRAL,2,4,33,37,3,0,17,89.19,True,False,caught,Mashrafe Mortaza,Mohammad Mithun,False,True,174,WON,7 wickets,False,
1153255,1153255_2,2018-09-28,2018,9,ODI,Asia Cup,2018,India,Bangladesh,Dubai International Cricket Stadium,,United Arab Emirates,NEUTRAL,2,5,36,67,3,0,41,53.73,True,False,caught,Mustafizur Rahman,Mushfiqur Rahim,False,True,223,WON,3 wickets,False,Final
1157755,1157755_1,2018-10-24,2018,10,ODI,West Indies tour of India,2018/19,India,West Indies,Dr. Y.S. Rajasekhara Reddy ACA-VDCA Cricket Stadium,Visakhapatnam,India,HOME,1,5,20,25,0,1,12,80.0,True,False,bowled,OC McCoy,,False,False,,TIED,,False,
1157756,1157756_2,2018-10-27,2018,10,ODI,West Indies tour of India,2018/19,India,West Indies,Maharashtra Cricket Association Stadium,Pune,India,HOME,2,6,7,11,0,0,5,63.64,True,False,caught,JO Holder,SD Hope,False,True,284,LOST,43 runs,False,
1157757,1157757_1,2018-10-29,2018,10,ODI,West Indies tour of India,2018/19,India,West Indies,Brabourne Stadium,Mumbai,India,HOME,1,5,23,15,2,0,1,153.33,True,False,caught,KAJ Roach,C Hemraj,False,False,,WON,224 runs,False,
1144997,1144997_2,2019-01-12,2019,1,ODI,India tour of Australia,2018/19,India,Australia,Sydney Cricket Ground,Sydney,Australia,AWAY,2,5,51,96,3,1,58,53.12,True,False,lbw,JP Behrendorff,,False,True,289,LOST,34 runs,False,
1144998,1144998_2,2019-01-15,2019,1,ODI,India tour of Australia,2018/19,India,Australia,Adelaide Oval,Adelaide,Australia,AWAY,2,5,55,54,0,2,18,101.85,False,True,not out,,,False,True,299,WON,6 wickets,False,
1144999,1144999_2,2019-01-18,2019,1,ODI,India tour of Australia,2018/19,India,Australia,Melbourne Cricket Ground,Melbourne,Australia,AWAY,2,4,87,114,6,0,63,76.32,False,True,not out,,,False,True,231,WON,7 wickets,False,
1153692,1153692_1,2019-01-26,2019,1,ODI,India tour of New Zealand,2018/19,India,New Zealand,Bay Oval,Mount Maunganui,Unknown,NEUTRAL,1,5,48,33,5,1,8,145.45,False,True,not out,,,False,False,,WON,90 runs,False,
1153695,1153695_1,2019-02-03,2019,2,ODI,India tour of New Zealand,2018/19,India,New Zealand,Westpac Stadium,Wellington,New Zealand,AWAY,1,5,1,6,0,0,5,16.67,True,False,bowled,TA Boult,,False,False,,WON,35 runs,False,
1153696,1153696_2,2019-02-06,2019,2,T20I,India tour of New Zealand,2018/19,India,New Zealand,Westpac Stadium,Wellington,New Zealand,AWAY,2,5,39,31,5,1,12,125.81,True,False,caught,TG Southee,LH Ferguson,False,True,220,LOST,80 runs,False,
1153697,1153697_2,2019-02-08,2019,2,T20I,India tour of New Zealand,2018/19,India,New Zealand,Eden Park,Auckland,New Zealand,AWAY,2,5,20,17,1,0,4,117.65,False,True,not out,,,False,True,159,WON,7 wickets,False,
1153698,1153698_2,2019-02-10,2019,2,T20I,India tour of New Zealand,2018/19,India,New Zealand,Seddon Park,Hamilton,New Zealand,AWAY,2,6,2,4,0,0,2,50.0,True,False,caught,DJ Mitchell,TG Southee,False,True,213,LOST,4 runs,False,
1168247,1168247_1,2019-02-24,2019,2,T20I,Australia tour of India,2018/19,India,Australia,Dr. Y.S. Rajasekhara Reddy ACA-VDCA Cricket Stadium,Visakhapatnam,India,HOME,1,5,29,37,0,1,17,78.38,False,True,not out,,,False,False,,LOST,3 wickets,False,
1168248,1168248_1,2019-02-27,2019,2,T20I,Australia tour of India,2018/19,India,Australia,M.Chinnaswamy Stadium,Bengaluru,India,HOME,1,5,40,23,3,3,8,173.91,True,False,caught,PJ Cummins,AJ Finch,False,False,,LOST,7 wickets,False,
1168242,1168242_2,2019-03-02,2019,3,ODI,Australia tour of India,2018/19,India,Australia,"Rajiv Gandhi International Stadium, Uppal",Hyderabad,India,HOME,2,5,59,72,6,1,36,81.94,False,True,not out,,,False,True,237,WON,6 wickets,False,
1168243,1168243_1,2019-03-05,2019,3,ODI,Australia tour of India,2018/19,India,Australia,"Vidarbha Cricket Association Stadium, Jamtha",Nagpur,India,HOME,1,7,0,1,0,0,1,0.0,True,False,caught,A Zampa,UT Khawaja,False,False,,WON,8 runs,False,
1168244,1168244_2,2019-03-08,2019,3,ODI,Australia tour of India,2018/19,India,Australia,JSCA International Stadium Complex,Ranchi,India,HOME,2,5,26,42,2,1,26,61.9,True,False,bowled,A Zampa,,False,True,314,LOST,32 runs,False,
1175360,1175360_2,2019-03-26,2019,3,IPL,Indian Premier League,2019,Chennai Super Kings,Delhi Capitals,Arun Jaitley Stadium,Delhi,India,AWAY,2,5,32,35,2,1,16,91.43,False,True,not out,,,True,True,148,WON,6 wickets,False,
1175367,1175367_1,2019-03-31,2019,3,IPL,Indian Premier League,2019,Chennai Super Kings,Rajasthan Royals,MA Chidambaram Stadium,Chennai,India,HOME,1,5,75,46,4,4,10,163.04,False,True,not out,,,True,False,,WON,8 runs,True,
1175370,1175370_2,2019-04-03,2019,4,IPL,Indian Premier League,2019,Chennai Super Kings,Mumbai Indians,Wankhede Stadium,Mumbai,India,AWAY,2,5,12,21,0,0,10,57.14,True,False,caught,HH Pandya,SA Yadav,True,True,171,LOST,37 runs,False,
1178393,1178393_1,2019-04-06,2019,4,IPL,Indian Premier League,2019,Chennai Super Kings,Kings XI Punjab,MA Chidambaram Stadium,Chennai,India,HOME,1,4,37,23,4,1,6,160.87,False,True,not out,,,True,False,,WON,22 runs,False,
1178400,1178400_2,2019-04-11,2019,4,IPL,Indian Premier League,2019,Chennai Super Kings,Rajasthan Royals,Sawai Mansingh Stadium,Jaipur,India,AWAY,2,6,58,43,2,3,10,134.88,True,False,bowled,BA Stokes,,True,True,152,WON,4 wickets,True,
1178404,1178404_2,2019-04-14,2019,4,IPL,Indian Premier League,2019,Chennai Super Kings,Kolkata Knight Riders,Eden Gardens,Kolkata,India,AWAY,2,6,16,13,0,1,5,123.08,True,False,lbw,SP Narine,,True,True,162,WON,5 wickets,False,
1178414,1178414_2,2019-04-21,2019,4,IPL,Indian Premier League,2019,Chennai Super Kings,Royal Challengers Bangalore,M.Chinnaswamy Stadium,Bengaluru,India,AWAY,2,6,84,48,5,7,15,175.0,False,True,not out,,,True,True,162,LOST,1 runs,False,
1178425,1178425_1,2019-05-01,2019,5,IPL,Indian Premier League,2019,Chennai Super Kings,Delhi Capitals,MA Chidambaram Stadium,Chennai,India,HOME,1,4,44,22,4,3,6,200.0,False,True,not out,,,True,False,,WON,80 runs,True,
1178430,1178430_1,2019-05-05,2019,5,IPL,Indian Premier League,2019,Chennai Super Kings,Kings XI Punjab,Punjab Cricket Association IS Bindra Stadium,Chandigarh,Unknown,AWAY,1,4,10,12,0,0,4,83.33,False,True,not out,,,True,False,,LOST,6 wickets,False,
1181764,1181764_1,2019-05-07,2019,5,IPL,Indian Premier League,2019,Chennai Super Kings,Mumbai Indians,MA Chidambaram Stadium,Chennai,India,HOME,1,6,37,29,0,3,9,127.59,False,True,not out,,,True,False,,LOST,6 wickets,False,Qualifier 1
1181767,1181767_2,2019-05-10,2019,5,IPL,Indian Premier League,2019,Chennai Super Kings,Delhi Capitals,Dr. Y.S. Rajasekhara Reddy ACA-VDCA Cricket Stadium,Visakhapatnam,India,AWAY,2,5,9,9,1,0,4,100.0,True,False,caught,I Sharma,KMA Paul,True,True,148,WON,6 wickets,False,Qualifier 2
1181768,1181768_2,2019-05-12,2019,5,IPL,Indian Premier League,2019,Chennai Super Kings,Mumbai Indians,Rajiv Gandhi International Stadium,Hyderabad,India,AWAY,2,5,2,8,0,0,6,25.0,True,False,run out,HH Pandya,,True,True,150,LOST,1 runs,False,Final
1144490,1144490_2,2019-06-05,2019,6,ODI,World Cup,2019,India,South Africa,The Rose Bowl,Southampton,England,NEUTRAL,2,5,34,46,2,0,21,73.91,True,False,caught and bowled,CH Morris,,False,True,228,WON,6 wickets,False,
1144496,1144496_1,2019-06-09,2019,6,ODI,World Cup,2019,India,Australia,Kennington Oval,London,England,NEUTRAL,1,5,27,14,3,1,4,192.86,True,False,caught and bowled,MP Stoinis,,False,False,,WON,36 runs,False,
1144504,1144504_1,2019-06-16,2019,6,ODI,World Cup,2019,India,Pakistan,Old Trafford,Manchester,England,NEUTRAL,1,5,1,2,0,0,1,50.0,True,False,caught,Mohammad Amir,Sarfraz Ahmed,False,False,,WON,89 runs,False,
1144516,1144516_1,2019-06-27,2019,6,ODI,World Cup,2019,India,West Indies,Old Trafford,Manchester,England,NEUTRAL,1,6,56,61,3,2,27,91.8,False,True,not out,,,False,False,,WON,125 runs,False,
1144520,1144520_2,2019-06-30,2019,6,ODI,World Cup,2019,India,England,Edgbaston,Birmingham,England,AWAY,2,6,42,31,4,1,7,135.48,False,True,not out,,,False,True,338,LOST,31 runs,False,
1144522,1144522_1,2019-07-02,2019,7,ODI,World Cup,2019,India,Bangladesh,Edgbaston,Birmingham,England,NEUTRAL,1,6,35,33,4,0,14,106.06,True,False,caught,Mustafizur Rahman,Shakib Al Hasan,False,False,,WON,28 runs,False,
1144528,1144528_2,2019-07-09,2019,7,ODI,World Cup,2019,India,New Zealand,Old Trafford,Manchester,England,NEUTRAL,2,7,50,72,1,1,37,69.44,True,False,run out,LH Ferguson,,False,True,240,LOST,18 runs,False,Semi Final
1216492,1216492_2,2020-09-19,2020,9,IPL,Indian Premier League,2020/21,Chennai Super Kings,Mumbai Indians,Sheikh Zayed Stadium,Abu Dhabi,United Arab Emirates,NEUTRAL,2,7,0,2,0,0,2,0.0,False,True,not out,,,False,True,163,WON,5 wickets,False,
1216496,1216496_2,2020-09-22,2020,9,IPL,Indian Premier League,2020/21,Chennai Super Kings,Rajasthan Royals,Sharjah Cricket Stadium,,United Arab Emirates,NEUTRAL,2,7,29,17,0,3,3,170.59,False,True,not out,,,False,True,217,LOST,16 runs,False,
1216539,1216539_2,2020-09-25,2020,9,IPL,Indian Premier League,2020/21,Chennai Super Kings,Delhi Capitals,Dubai International Cricket Stadium,,United Arab Emirates,NEUTRAL,2,6,15,12,2,0,5,125.0,True,False,caught,K Rabada,RR Pant,False,True,176,LOST,44 runs,False,
1216516,1216516_2,2020-10-02,2020,10,IPL,Indian Premier League,2020/21,Chennai Super Kings,Sunrisers Hyderabad,Dubai International Cricket Stadium,,United Arab Emirates,NEUTRAL,2,5,47,36,4,1,12,130.56,False,True,not out,,,False,True,165,LOST,7 runs,False,
1216501,1216501_2,2020-10-07,2020,10,IPL,Indian Premier League,2020/21,Chennai Super Kings,Kolkata Knight Riders,Sheikh Zayed Stadium,Abu Dhabi,United Arab Emirates,NEUTRAL,2,4,11,12,1,0,5,91.67,True,False,bowled,CV Varun,,False,True,168,LOST,10 runs,False,
1216525,1216525_2,2020-10-10,2020,10,IPL,Indian Premier League,2020/21,Chennai Super Kings,Royal Challengers Bangalore,Dubai International Cricket Stadium,,United Arab Emirates,NEUTRAL,2,5,10,6,0,1,2,166.67,True,False,caught,YS Chahal,Gurkeerat Singh,False,True,170,LOST,37 runs,False,
1216528,1216528_1,2020-10-13,2020,10,IPL,Indian Premier League,2020/21,Chennai Super Kings,Sunrisers Hyderabad,Dubai International Cricket Stadium,,United Arab Emirates,NEUTRAL,1,5,21,13,2,1,4,161.54,True,False,caught,T Natarajan,KS Williamson,False,False,,WON,20 runs,False,
1216509,1216509_1,2020-10-17,2020,10,IPL,Indian Premier League,2020/21,Chennai Super Kings,Delhi Capitals,Sharjah Cricket Stadium,,United Arab Emirates,NEUTRAL,1,5,3,5,0,0,2,60.0,True,False,caught,A Nortje,AT Carey,False,False,,LOST,5 wickets,False,
1216533,1216533_1,2020-10-19,2020,10,IPL,Indian Premier League,2020/21,Chennai Super Kings,Rajasthan Royals,Sheikh Zayed Stadium,Abu Dhabi,United Arab Emirates,NEUTRAL,1,5,28,28,2,0,9,100.0,True,False,run out,Kartik Tyagi,,False,False,,LOST,7 wickets,False,
1216521,1216521_1,2020-10-23,2020,10,IPL,Indian Premier League,2020/21,Chennai Super Kings,Mumbai Indians,Sharjah Cricket Stadium,,United Arab Emirates,NEUTRAL,1,5,16,16,2,1,11,100.0,True,False,caught,RD Chahar,Q de Kock,False,False,,LOST,10 wickets,False,
1216544,1216544_2,2020-10-25,2020,10,IPL,Indian Premier League,2020/21,Chennai Super Kings,Royal Challengers Bangalore,Dubai International Cricket Stadium,,United Arab Emirates,NEUTRAL,2,4,19,21,3,0,10,90.48,False,True,not out,,,False,True,146,WON,8 wickets,False,
1216536,1216536_2,2020-10-29,2020,10,IPL,Indian Premier League,2020/21,Chennai Super Kings,Kolkata Knight Riders,Dubai International Cricket Stadium,,United Arab Emirates,NEUTRAL,2,4,1,4,0,0,3,25.0,True,False,bowled,CV Varun,,False,True,173,WON,6 wickets,False,
1254059,1254059_1,2021-04-10,2021,4,IPL,Indian Premier League,2021,Chennai Super Kings,Delhi Capitals,"Wankhede Stadium, Mumbai",Mumbai,India,AWAY,1,7,0,2,0,0,2,0.0,True,False,bowled,Avesh Khan,,True,False,,LOST,7 wickets,False,
1254069,1254069_1,2021-04-19,2021,4,IPL,Indian Premier League,2021,Chennai Super Kings,Rajasthan Royals,"Wankhede Stadium, Mumbai",Mumbai,India,AWAY,1,7,18,17,2,0,8,105.88,True,False,caught,C Sakariya,JC Buttler,True,False,,WON,45 runs,False,
1254072,1254072_1,2021-04-21,2021,4,IPL,Indian Premier League,2021,Chennai Super Kings,Kolkata Knight Riders,"Wankhede Stadium, Mumbai",Mumbai,India,AWAY,1,4,17,8,2,1,3,212.5,True,False,caught,AD Russell,EJG Morgan,True,False,,WON,18 runs,False,
1254076,1254076_1,2021-04-25,2021,4,IPL,Indian Premier League,2021,Chennai Super Kings,Royal Challengers Bangalore,"Wankhede Stadium, Mumbai",Mumbai,India,AWAY,1,6,2,3,0,0,1,66.67,False,True,not out,,,True,False,,WON,69 runs,False,
1254104,1254104_1,2021-09-19,2021,9,IPL,Indian Premier League,2021,Chennai Super Kings,Mumbai Indians,Dubai International Cricket Stadium,Dubai,United Arab Emirates,NEUTRAL,1,6,3,5,0,0,2,60.0,True,False,caught,AF Milne,TA Boult,True,False,,WON,20 runs,False,
1254113,1254113_2,2021-09-24,2021,9,IPL,Indian Premier League,2021,Chennai Super Kings,Royal Challengers Bangalore,Sharjah Cricket Stadium,Sharjah,United Arab Emirates,NEUTRAL,2,6,11,9,2,0,4,122.22,False,True,not out,,,True,True,157,WON,6 wickets,False,
1254098,1254098_2,2021-09-26,2021,9,IPL,Indian Premier League,2021,Chennai Super Kings,Kolkata Knight Riders,"Zayed Cricket Stadium, Abu Dhabi",Abu Dhabi,United Arab Emirates,NEUTRAL,2,6,1,4,0,0,2,25.0,True,False,bowled,CV Varun,,True,True,172,WON,2 wickets,False,
1254091,1254091_2,2021-09-30,2021,9,IPL,Indian Premier League,2021,Chennai Super Kings,Sunrisers Hyderabad,Sharjah Cricket Stadium,Sharjah,United Arab Emirates,NEUTRAL,2,6,14,11,1,1,5,127.27,False,True,not out,,,True,True,135,WON,6 wickets,False,
1254110,1254110_1,2021-10-04,2021,10,IPL,Indian Premier League,2021,Chennai Super Kings,Delhi Capitals,Dubai International Cricket Stadium,Dubai,United Arab Emirates,NEUTRAL,1,6,18,27,0,0,10,66.67,True,False,caught,Avesh Khan,RR Pant,True,False,,LOST,3 wickets,False,
1254094,1254094_1,2021-10-07,2021,10,IPL,Indian Premier League,2021,Chennai Super Kings,Punjab Kings,Dubai International Cricket Stadium,Dubai,United Arab Emirates,NEUTRAL,1,6,12,15,2,0,9,80.0,True,False,bowled,Ravi Bishnoi,,True,False,,LOST,6 wickets,False,
1254114,1254114_2,2021-10-10,2021,10,IPL,Indian Premier League,2021,Chennai Super Kings,Delhi Capitals,Dubai International Cricket Stadium,Dubai,United Arab Emirates,NEUTRAL,2,7,18,6,3,1,2,300.0,False,True,not out,,,True,True,173,WON,4 wickets,False,Qualifier 1
1304047,1304047_1,2022-03-26,2022,3,IPL,Indian Premier League,2022,Chennai Super Kings,Kolkata Knight Riders,"Wankhede Stadium, Mumbai",Mumbai,India,AWAY,1,7,50,38,7,1,16,131.58,False,True,not out,,,False,False,,LOST,6 wickets,False,
1304053,1304053_1,2022-03-31,2022,3,IPL,Indian Premier League,2022,Chennai Super Kings,Lucknow Super Giants,"Brabourne Stadium, Mumbai",Mumbai,India,AWAY,1,7,16,6,2,1,2,266.67,False,True,not out,,,False,False,,LOST,6 wickets,False,
1304057,1304057_2,2022-04-03,2022,4,IPL,Indian Premier League,2022,Chennai Super Kings,Punjab Kings,"Brabourne Stadium, Mumbai",Mumbai,India,AWAY,2,7,23,28,1,1,13,82.14,True,False,caught,RD Chahar,JM Sharma,False,True,181,LOST,54 runs,False,
1304063,1304063_1,2022-04-09,2022,4,IPL,Indian Premier League,2022,Chennai Super Kings,Sunrisers Hyderabad,"Dr DY Patil Sports Academy, Mumbai",Mumbai,India,AWAY,1,7,3,6,0,0,3,50.0,True,False,caught,M Jansen,Umran Malik,False,False,,LOST,8 wickets,False,
1304068,1304068_1,2022-04-12,2022,4,IPL,Indian Premier League,2022,Chennai Super Kings,Royal Challengers Bangalore,"Dr DY Patil Sports Academy, Mumbai",Mumbai,India,AWAY,1,6,0,0,0,0,0,0.0,False,True,not out,,,False,False,,WON,23 runs,False,
1304079,1304079_2,2022-04-21,2022,4,IPL,Indian Premier League,2022,Chennai Super Kings,Mumbai Indians,"Dr DY Patil Sports Academy, Mumbai",Navi Mumbai,Unknown,AWAY,2,7,28,13,3,1,0,215.38,False,True,not out,,,False,True,156,WON,3 wickets,False,
1304084,1304084_2,2022-04-25,2022,4,IPL,Indian Premier League,2022,Chennai Super Kings,Punjab Kings,"Wankhede Stadium, Mumbai",Mumbai,India,AWAY,2,7,12,8,1,1,4,150.0,True,False,caught,R Dhawan,JM Bairstow,False,True,188,LOST,11 runs,False,
1304092,1304092_1,2022-05-01,2022,5,IPL,Indian Premier League,2022,Chennai Super Kings,Sunrisers Hyderabad,"Maharashtra Cricket Association Stadium, Pune",Pune,India,AWAY,1,3,8,7,1,0,3,114.29,True,False,caught,T Natarajan,Umran Malik,True,False,,WON,13 runs,False,
1304095,1304095_2,2022-05-04,2022,5,IPL,Indian Premier League,2022,Chennai Super Kings,Royal Challengers Bangalore,"Maharashtra Cricket Association Stadium, Pune",Pune,India,AWAY,2,7,2,3,0,0,1,66.67,True,False,caught,JR Hazlewood,RM Patidar,True,True,174,LOST,13 runs,False,
1304101,1304101_1,2022-05-08,2022,5,IPL,Indian Premier League,2022,Chennai Super Kings,Delhi Capitals,"Dr DY Patil Sports Academy, Mumbai",Navi Mumbai,Unknown,AWAY,1,5,21,8,1,2,2,262.5,False,True,not out,,,True,False,,WON,91 runs,False,
1304105,1304105_1,2022-05-12,2022,5,IPL,Indian Premier League,2022,Chennai Super Kings,Mumbai Indians,"Wankhede Stadium, Mumbai",Mumbai,India,AWAY,1,6,36,33,4,2,19,109.09,False,True,not out,,,True,False,,LOST,5 wickets,False,
1304108,1304108_1,2022-05-15,2022,5,IPL,Indian Premier League,2022,Chennai Super Kings,Gujarat Titans,"Wankhede Stadium, Mumbai",Mumbai,India,AWAY,1,6,7,10,0,0,5,70.0,True,False,caught,Mohammed Shami,Yash Dayal,True,False,,LOST,7 wickets,False,
1304114,1304114_1,2022-05-20,2022,5,IPL,Indian Premier League,2022,Chennai Super Kings,Rajasthan Royals,"Brabourne Stadium, Mumbai",Mumbai,India,AWAY,1,6,26,28,1,1,12,92.86,True,False,caught,YS Chahal,JC Buttler,True,False,,LOST,5 wickets,False,
1359475,1359475_1,2023-03-31,2023,3,IPL,Indian Premier League,2023,Chennai Super Kings,Gujarat Titans,"Narendra Modi Stadium, Ahmedabad",Ahmedabad,India,AWAY,1,8,14,7,1,1,1,200.0,False,True,not out,,,True,False,,LOST,5 wickets,False,
1359480,1359480_1,2023-04-03,2023,4,IPL,Indian Premier League,2023,Chennai Super Kings,Lucknow Super Giants,"MA Chidambaram Stadium, Chepauk, Chennai",Chennai,India,HOME,1,8,12,3,0,2,1,400.0,True,False,caught,MA Wood,Ravi Bishnoi,True,False,,WON,12 runs,False,
1359491,1359491_2,2023-04-12,2023,4,IPL,Indian Premier League,2023,Chennai Super Kings,Rajasthan Royals,"MA Chidambaram Stadium, Chepauk, Chennai",Chennai,India,HOME,2,8,32,17,1,3,3,188.24,False,True,not out,,,True,True,176,LOST,3 runs,False,
1359498,1359498_1,2023-04-17,2023,4,IPL,Indian Premier League,2023,Chennai Super Kings,Royal Challengers Bangalore,"M Chinnaswamy Stadium, Bengaluru",Bengaluru,India,AWAY,1,8,1,1,0,0,0,100.0,False,True,not out,,,True,False,,WON,8 runs,False,
1359507,1359507_1,2023-04-23,2023,4,IPL,Indian Premier League,2023,Chennai Super Kings,Kolkata Knight Riders,"Eden Gardens, Kolkata",Kolkata,India,AWAY,1,6,2,3,0,0,1,66.67,False,True,not out,,,True,False,,WON,49 runs,False,
1359515,1359515_1,2023-04-30,2023,4,IPL,Indian Premier League,2023,Chennai Super Kings,Punjab Kings,"MA Chidambaram Stadium, Chepauk, Chennai",Chennai,India,HOME,1,6,13,4,0,2,1,325.0,False,True,not out,,,True,False,,LOST,4 wickets,False,
1359523,1359523_2,2023-05-06,2023,5,IPL,Indian Premier League,2023,Chennai Super Kings,Mumbai Indians,"MA Chidambaram Stadium, Chepauk, Chennai",Chennai,India,HOME,2,6,2,3,0,0,1,66.67,False,True,not out,,,True,True,140,WON,6 wickets,False,
1359529,1359529_1,2023-05-10,2023,5,IPL,Indian Premier League,2023,Chennai Super Kings,Delhi Capitals,"MA Chidambaram Stadium, Chepauk, Chennai",Chennai,India,HOME,1,8,20,9,1,2,3,222.22,True,False,caught,MR Marsh,DA Warner,True,False,,WON,27 runs,False,
1359535,1359535_1,2023-05-14,2023,5,IPL,Indian Premier League,2023,Chennai Super Kings,Kolkata Knight Riders,"MA Chidambaram Stadium, Chepauk, Chennai",Chennai,India,HOME,1,8,2,3,0,0,1,66.67,False,True,not out,,,True,False,,LOST,6 wickets,False,
1359541,1359541_1,2023-05-20,2023,5,IPL,Indian Premier League,2023,Chennai Super Kings,Delhi Capitals,"Arun Jaitley Stadium, Delhi",Delhi,India,AWAY,1,4,5,4,0,0,0,125.0,False,True,not out,,,True,False,,WON,77 runs,False,
1370350,1370350_1,2023-05-23,2023,5,IPL,Indian Premier League,2023,Chennai Super Kings,Gujarat Titans,"MA Chidambaram Stadium, Chepauk, Chennai",Chennai,India,HOME,1,7,1,2,0,0,1,50.0,True,False,caught,MM Sharma,HH Pandya,True,False,,WON,15 runs,False,Qualifier 1
1370353,1370353_2,2023-05-29,2023,5,IPL,Indian Premier League,2023,Chennai Super Kings,Gujarat Titans,"Narendra Modi Stadium, Ahmedabad",Ahmedabad,India,AWAY,2,6,0,1,0,0,1,0.0,True,False,caught,MM Sharma,DA Miller,True,True,215,WON,5 wickets,False,Final
1422131,1422131_2,2024-03-31,2024,3,IPL,Indian Premier League,2024,Chennai Super Kings,Delhi Capitals,"Dr. Y.S. Rajasekhara Reddy ACA-VDCA Cricket Stadium, Visakhapatnam",Visakhapatnam,India,AWAY,2,8,37,16,4,3,6,231.25,False,True,not out,,,False,True,192,LOST,20 runs,False,
1422136,1422136_1,2024-04-05,2024,4,IPL,Indian Premier League,2024,Chennai Super Kings,Sunrisers Hyderabad,"Rajiv Gandhi International Stadium, Uppal, Hyderabad",Hyderabad,India,AWAY,1,7,1,2,0,0,1,50.0,False,True,not out,,,False,False,,LOST,6 wickets,False,
1426260,1426260_2,2024-04-08,2024,4,IPL,Indian Premier League,2024,Chennai Super Kings,Kolkata Knight Riders,"MA Chidambaram Stadium, Chepauk, Chennai",Chennai,India,HOME,2,5,1,3,0,0,2,33.33,False,True,not out,,,False,True,138,WON,7 wickets,False,
1426267,1426267_1,2024-04-14,2024,4,IPL,Indian Premier League,2024,Chennai Super Kings,Mumbai Indians,"Wankhede Stadium, Mumbai",Mumbai,India,AWAY,1,6,20,4,0,3,0,500.0,False,True,not out,,,False,False,,WON,20 runs,False,
1426272,1426272_1,2024-04-19,2024,4,IPL,Indian Premier League,2024,Chennai Super Kings,Lucknow Super Giants,"Bharat Ratna Shri Atal Bihari Vajpayee Ekana Cricket Stadium, Lucknow",Lucknow,India,AWAY,1,8,28,9,3,2,1,311.11,False,True,not out,,,False,False,,LOST,8 wickets,False,
1426277,1426277_1,2024-04-23,2024,4,IPL,Indian Premier League,2024,Chennai Super Kings,Lucknow Super Giants,"MA Chidambaram Stadium, Chepauk, Chennai",Chennai,India,HOME,1,6,4,1,1,0,0,400.0,False,True,not out,,,False,False,,LOST,6 wickets,False,
1426284,1426284_1,2024-04-28,2024,4,IPL,Indian Premier League,2024,Chennai Super Kings,Sunrisers Hyderabad,"MA Chidambaram Stadium, Chepauk, Chennai",Chennai,India,HOME,1,5,5,2,1,0,0,250.0,False,True,not out,,,False,False,,WON,78 runs,False,
1426287,1426287_1,2024-05-01,2024,5,IPL,Indian Premier League,2024,Chennai Super Kings,Punjab Kings,"MA Chidambaram Stadium, Chepauk, Chennai",Chennai,India,HOME,1,7,14,11,1,1,5,127.27,True,False,run out,Arshdeep Singh,"JM Sharma, HV Patel",False,False,,LOST,7 wickets,False,
1426291,1426291_1,2024-05-05,2024,5,IPL,Indian Premier League,2024,Chennai Super Kings,Punjab Kings,"Himachal Pradesh Cricket Association Stadium, Dharamsala",Dharamsala,India,AWAY,1,9,0,1,0,0,1,0.0,True,False,bowled,HV Patel,,False,False,,WON,28 runs,False,
1426297,1426297_2,2024-05-10,2024,5,IPL,Indian Premier League,2024,Chennai Super Kings,Gujarat Titans,"Narendra Modi Stadium, Ahmedabad",Ahmedabad,India,AWAY,2,8,26,11,1,3,3,236.36,False,True,not out,,,False,True,232,LOST,35 runs,False,
1426306,1426306_2,2024-05-18,2024,5,IPL,Indian Premier League,2024,Chennai Super Kings,Royal Challengers Bengaluru,"M Chinnaswamy Stadium, Bengaluru",Bengaluru,India,AWAY,2,8,25,13,3,1,2,192.31,True,False,caught,Yash Dayal,Swapnil Singh,False,True,219,LOST,27 runs,False,
1473440,1473440_2,2025-03-23,2025,3,IPL,Indian Premier League,2025,Chennai Super Kings,Mumbai Indians,"MA Chidambaram Stadium, Chepauk, Chennai",Chennai,India,HOME,2,8,0,2,0,0,2,0.0,False,True,not out,,,False,True,156,WON,4 wickets,False,
1473445,1473445_2,2025-03-28,2025,3,IPL,Indian Premier League,2025,Chennai Super Kings,Royal Challengers Bengaluru,"MA Chidambaram Stadium, Chepauk, Chennai",Chennai,India,HOME,2,9,30,16,3,2,6,187.5,False,True,not out,,,False,True,197,LOST,50 runs,False,
1473448,1473448_2,2025-03-30,2025,3,IPL,Indian Premier League,2025,Chennai Super Kings,Rajasthan Royals,"Barsapara Cricket Stadium, Guwahati",Guwahati,India,AWAY,2,7,16,11,1,1,3,145.45,True,False,caught,Sandeep Sharma,SO Hetmyer,False,True,183,LOST,6 runs,False,
1473454,1473454_2,2025-04-05,2025,4,IPL,Indian Premier League,2025,Chennai Super Kings,Delhi Capitals,"MA Chidambaram Stadium, Chepauk, Chennai",Chennai,India,HOME,2,7,30,26,1,1,6,115.38,False,True,not out,,,False,True,184,LOST,25 runs,False,
1473459,1473459_2,2025-04-08,2025,4,IPL,Indian Premier League,2025,Chennai Super Kings,Punjab Kings,"Maharaja Yadavindra Singh International Cricket Stadium, Mullanpur",Mohali,India,AWAY,2,5,27,12,1,3,1,225.0,True,False,caught,Yash Thakur,YS Chahal,False,True,220,LOST,18 runs,False,
1473462,1473462_1,2025-04-11,2025,4,IPL,Indian Premier League,2025,Chennai Super Kings,Kolkata Knight Riders,"MA Chidambaram Stadium, Chepauk, Chennai",Chennai,India,HOME,1,9,1,4,0,0,3,25.0,True,False,lbw,SP Narine,,False,False,,LOST,8 wickets,False,
1473467,1473467_2,2025-04-14,2025,4,IPL,Indian Premier League,2025,Chennai Super Kings,Lucknow Super Giants,"Bharat Ratna Shri Atal Bihari Vajpayee Ekana Cricket Stadium, Lucknow",Lucknow,India,AWAY,2,7,26,11,4,1,2,236.36,False,True,not out,,,False,True,167,WON,5 wickets,True,
1473475,1473475_1,2025-04-20,2025,4,IPL,Indian Premier League,2025,Chennai Super Kings,Mumbai Indians,"Wankhede Stadium, Mumbai",Mumbai,India,AWAY,1,6,4,6,0,0,2,66.67,True,False,caught,JJ Bumrah,Tilak Varma,False,False,,LOST,9 wickets,False,
1473480,1473480_1,2025-04-25,2025,4,IPL,Indian Premier League,2025,Chennai Super Kings,Sunrisers Hyderabad,"MA Chidambaram Stadium, Chepauk, Chennai",Chennai,India,HOME,1,8,6,10,1,0,6,60.0,True,False,caught,HV Patel,Abhishek Sharma,False,False,,LOST,5 wickets,False,
1473486,1473486_1,2025-04-30,2025,4,IPL,Indian Premier League,2025,Chennai Super Kings,Punjab Kings,"MA Chidambaram Stadium, Chepauk, Chennai",Chennai,India,HOME,1,7,11,4,1,1,1,275.0,True,False,caught,YS Chahal,N Wadhera,False,False,,LOST,4 wickets,False,
1473489,1473489_2,2025-05-03,2025,5,IPL,Indian Premier League,2025,Chennai Super Kings,Royal Challengers Bengaluru,"M Chinnaswamy Stadium, Bengaluru",Bengaluru,India,AWAY,2,6,12,8,0,1,1,150.0,True,False,lbw,Yash Dayal,,False,True,214,LOST,2 runs,False,
1473494,1473494_2,2025-05-07,2025,5,IPL,Indian Premier League,2025,Chennai Super Kings,Kolkata Knight Riders,"Eden Gardens, Kolkata",Kolkata,India,AWAY,2,8,17,18,0,1,6,94.44,False,True,not out,,,False,True,180,WON,2 wickets,False,
1473500,1473500_1,2025-05-20,2025,5,IPL,Indian Premier League,2025,Chennai Super Kings,Rajasthan Royals,"Arun Jaitley Stadium, Delhi",Delhi,India,AWAY,1,8,16,17,0,1,6,94.12,True,False,caught,Akash Madhwal,TU Deshpande,False,False,,LOST,6 wickets,False,
