match_id,date,year,month,format,competition,season,team,opponent,venue,city,country,home_away,toss_winner,toss_decision,winner,result,margin,captain,player_of_match,tournament_stage
64914,2004-12-23,2004,12,ODI,India tour of Bangladesh,2004/05,India,Bangladesh,MA Aziz Stadium,Chattogram,Unknown,NEUTRAL,Bangladesh,field,India,WON,11 runs,False,False,
64917,2004-12-27,2004,12,ODI,India tour of Bangladesh,2004/05,India,Bangladesh,Bangabandhu National Stadium,Dhaka,Bangladesh,AWAY,India,bat,India,WON,91 runs,False,False,
64939,2005-04-05,2005,4,ODI,Pakistan tour of India,2004/05,India,Pakistan,Dr. Y.S. Rajasekhara Reddy ACA-VDCA Cricket Stadium,Visakhapatnam,India,HOME,India,bat,India,WON,58 runs,False,True,
64941,2005-04-12,2005,4,ODI,Pakistan tour of India,2004/05,India,Pakistan,"Sardar Patel (Gujarat) Stadium, Motera",Ahmedabad,India,HOME,India,bat,Pakistan,LOST,3 wickets,False,False,
64942,2005-04-15,2005,4,ODI,Pakistan tour of India,2004/05,India,Pakistan,Green Park,Kanpur,India,HOME,India,bat,Pakistan,LOST,5 wickets,False,False,
64943,2005-04-17,2005,4,ODI,Pakistan tour of India,2004/05,India,Pakistan,Arun Jaitley Stadium,Delhi,India,HOME,Pakistan,bat,Pakistan,LOST,159 runs,False,False,
214742,2005-07-31,2005,7,ODI,Indian Oil Cup,2005,India,West Indies,Rangiri Dambulla International Stadium,,Sri Lanka,NEUTRAL,West Indies,bat,India,WON,6 wickets,False,False,
217481,2005-08-29,2005,8,ODI,Videocon Triangular Series,2005,India,Zimbabwe,Harare Sports Club,,Zimbabwe,AWAY,Zimbabwe,field,India,WON,161 runs,False,False,
217979,2005-09-04,2005,9,ODI,Videocon Triangular Series,2005,India,Zimbabwe,Harare Sports Club,,Zimbabwe,AWAY,India,field,India,WON,4 wickets,False,False,
218250,2005-09-06,2005,9,ODI,Videocon Triangular Series,2005,India,New Zealand,Harare Sports Club,,Zimbabwe,NEUTRAL,India,bat,New Zealand,LOST,6 wickets,False,False,Final
223018,2005-10-25,2005,10,ODI,Sri Lanka tour of India,2005/06,India,Sri Lanka,Vidarbha C.A. Ground,Nagpur,India,HOME,India,bat,India,WON,152 runs,False,False,
223334,2005-10-28,2005,10,ODI,Sri Lanka tour of India,2005/06,India,Sri Lanka,"Punjab Cricket Association IS Bindra Stadium, Mohali",Chandigarh,Unknown,NEUTRAL,India,field,India,WON,8 wickets,False,False,
223902,2005-11-03,2005,11,ODI,Sri Lanka tour of India,2005/06,India,Sri Lanka,Nehru Stadium,Pune,India,HOME,India,field,India,WON,4 wickets,False,False,
224231,2005-11-06,2005,11,ODI,Sri Lanka tour of India,2005/06,India,Sri Lanka,"Sardar Patel (Gujarat) Stadium, Motera",Ahmedabad,India,HOME,Sri Lanka,field,Sri Lanka,LOST,5 wickets,False,False,
224556,2005-11-09,2005,11,ODI,Sri Lanka tour of India,2005/06,India,Sri Lanka,Madhavrao Scindia Cricket Ground,Rajkot,India,HOME,India,field,India,WON,7 wickets,False,False,
225437,2005-11-12,2005,11,ODI,Sri Lanka tour of India,2005/06,India,Sri Lanka,Reliance Stadium,Vadodara,India,HOME,Sri Lanka,bat,India,WON,5 wickets,False,False,
225959,2005-11-16,2005,11,ODI,South Africa tour of India,2005/06,India,South Africa,"Rajiv Gandhi International Stadium, Uppal",Hyderabad,India,HOME,South Africa,field,South Africa,LOST,5 wickets,False,False,
226359,2005-11-28,2005,11,ODI,South Africa tour of India,2005/06,India,South Africa,Wankhede Stadium,Mumbai,India,HOME,India,field,India,WON,5 wickets,False,False,
226363,2005-12-18,2005,12,TEST,Test Series,2005/06,India,Sri Lanka,Sardar Patel Stadium,Ahmedabad,India,HOME,India,bat,India,WON,259 runs,False,False,
233797,2006-01-21,2006,1,TEST,Test Series,2005/06,India,Pakistan,Iqbal Stadium,Faisalabad,Pakistan,AWAY,Pakistan,bat,,DRAWN,,False,False,
234783,2006-01-29,2006,1,TEST,Test Series,2005/06,India,Pakistan,National Stadium,Karachi,Pakistan,AWAY,India,field,Pakistan,LOST,341 runs,False,False,
235831,2006-02-06,2006,2,ODI,India in Pakistan ODI Series,2005/06,India,Pakistan,Arbab Niaz Stadium,Peshawar,Pakistan,AWAY,Pakistan,field,Pakistan,LOST,7 runs,False,False,
236520,2006-02-11,2006,2,ODI,India in Pakistan ODI Series,2005/06,India,Pakistan,Rawalpindi Cricket Stadium,,Pakistan,AWAY,Pakistan,bat,India,WON,7 wickets,False,False,
236809,2006-02-13,2006,2,ODI,India in Pakistan ODI Series,2005/06,India,Pakistan,Gaddafi Stadium,Lahore,Pakistan,AWAY,India,field,India,WON,5 wickets,False,True,
237222,2006-02-16,2006,2,ODI,India in Pakistan ODI Series,2005/06,India,Pakistan,Multan Cricket Stadium,,Pakistan,AWAY,India,field,India,WON,5 wickets,False,False,
237571,2006-02-19,2006,2,ODI,India in Pakistan ODI Series,2005/06,India,Pakistan,National Stadium,Karachi,Pakistan,AWAY,India,field,India,WON,8 wickets,False,False,
239025,2006-03-01,2006,3,TEST,Test Series,2005/06,India,England,Vidarbha C.A. Ground,Nagpur,India,HOME,England,bat,,DRAWN,,False,False,
238186,2006-03-09,2006,3,TEST,Test Series,2005/06,India,England,"Punjab Cricket Association IS Bindra Stadium, Mohali",Chandigarh,Unknown,NEUTRAL,England,bat,India,WON,9 wickets,False,False,
238188,2006-03-28,2006,3,ODI,England in India ODI Series,2005/06,India,England,Feroz Shah Kotla,Delhi,India,HOME,England,field,India,WON,39 runs,False,False,
238189,2006-03-31,2006,3,ODI,England in India ODI Series,2005/06,India,England,Nahar Singh Stadium,Faridabad,Unknown,NEUTRAL,England,bat,India,WON,4 wickets,False,False,
238190,2006-04-03,2006,4,ODI,England in India ODI Series,2005/06,India,England,"Nehru Stadium, Fatorda",Margao,India,HOME,India,bat,India,WON,49 runs,False,False,
238193,2006-04-12,2006,4,ODI,England in India ODI Series,2005/06,India,England,Keenan Stadium,Jamshedpur,Unknown,NEUTRAL,India,bat,England,LOST,5 wickets,False,False,
244510,2006-04-18,2006,4,ODI,DLF Cup,2005/06,India,Pakistan,Sheikh Zayed Stadium,Abu Dhabi,United Arab Emirates,NEUTRAL,India,bat,Pakistan,LOST,6 wickets,False,False,
244511,2006-04-19,2006,4,ODI,DLF Cup,2005/06,India,Pakistan,Sheikh Zayed Stadium,Abu Dhabi,United Arab Emirates,NEUTRAL,India,bat,India,WON,51 runs,False,False,
239916,2006-05-20,2006,5,ODI,India in West Indies ODI Series,2006,India,West Indies,"Sabina Park, Kingston",Jamaica,Jamaica,AWAY,India,field,West Indies,LOST,1 runs,False,False,
239917,2006-05-23,2006,5,ODI,India in West Indies ODI Series,2006,India,West Indies,"Warner Park, Basseterre",St Kitts,Saint Kitts and Nevis,NEUTRAL,India,bat,West Indies,LOST,4 wickets,False,False,
239918,2006-05-26,2006,5,ODI,India in West Indies ODI Series,2006,India,West Indies,"Queen's Park Oval, Port of Spain",Trinidad,Trinidad and Tobago,AWAY,West Indies,field,West Indies,LOST,6 wickets,False,False,
239919,2006-05-28,2006,5,ODI,India in West Indies ODI Series,2006,India,West Indies,"Queen's Park Oval, Port of Spain",Trinidad,Trinidad and Tobago,AWAY,India,field,West Indies,LOST,19 runs,False,False,
239920,2006-06-02,2006,6,TEST,Test Series,2006,India,West Indies,"Antigua Recreation Ground, St John's",Antigua,West Indies,AWAY,India,bat,,DRAWN,,False,False,
239921,2006-06-10,2006,6,TEST,Test Series,2006,India,West Indies,"Daren Sammy National Cricket Stadium, Gros Islet",St Lucia,West Indies,AWAY,India,bat,,DRAWN,,False,False,
239922,2006-06-22,2006,6,TEST,Test Series,2006,India,West Indies,"Warner Park, Basseterre",St Kitts,Saint Kitts and Nevis,NEUTRAL,West Indies,bat,,DRAWN,,False,False,
239923,2006-06-30,2006,6,TEST,Test Series,2006,India,West Indies,"Sabina Park, Kingston",Jamaica,Jamaica,AWAY,India,bat,India,WON,49 runs,False,False,
256665,2006-08-18,2006,8,ODI,India in Sri Lanka ODI Series,2006,India,Sri Lanka,Sinhalese Sports Club Ground,Colombo,Sri Lanka,AWAY,India,bat,,NO_RESULT,,False,False,
256607,2006-09-14,2006,9,ODI,DLF Cup,2006/07,India,West Indies,Kinrara Academy Oval,Kuala Lumpur,Unknown,NEUTRAL,India,bat,West Indies,LOST,29 runs,False,False,
256608,2006-09-16,2006,9,ODI,DLF Cup,2006/07,India,Australia,Kinrara Academy Oval,Kuala Lumpur,Unknown,NEUTRAL,Australia,bat,,NO_RESULT,,False,False,
256612,2006-09-20,2006,9,ODI,DLF Cup,2006/07,India,West Indies,Kinrara Academy Oval,Kuala Lumpur,Unknown,NEUTRAL,India,bat,India,WON,16 runs,False,False,
256614,2006-09-22,2006,9,ODI,DLF Cup,2006/07,India,Australia,Kinrara Academy Oval,Kuala Lumpur,Unknown,NEUTRAL,Australia,bat,Australia,LOST,18 runs,False,False,
249745,2006-10-15,2006,10,ODI,ICC Champions Trophy,2006/07,India,England,Sawai Mansingh Stadium,Jaipur,India,HOME,India,field,India,WON,4 wickets,False,False,
249753,2006-10-26,2006,10,ODI,ICC Champions Trophy,2006/07,India,West Indies,"Sardar Patel Stadium, Motera",Ahmedabad,India,HOME,West Indies,field,West Indies,LOST,3 wickets,False,False,
249756,2006-10-29,2006,10,ODI,ICC Champions Trophy,2006/07,India,Australia,"Punjab Cricket Association Stadium, Mohali",Chandigarh,India,HOME,India,bat,Australia,LOST,6 wickets,False,False,
249211,2006-11-22,2006,11,ODI,India in South Africa ODI Series,2006/07,India,South Africa,Kingsmead,Durban,South Africa,AWAY,South Africa,bat,South Africa,LOST,157 runs,False,False,
249212,2006-11-26,2006,11,ODI,India in South Africa ODI Series,2006/07,India,South Africa,Newlands,Cape Town,South Africa,AWAY,South Africa,bat,South Africa,LOST,106 runs,False,False,
249213,2006-11-29,2006,11,ODI,India in South Africa ODI Series,2006/07,India,South Africa,St George's Park,Port Elizabeth,South Africa,AWAY,South Africa,bat,South Africa,LOST,80 runs,False,False,
255954,2006-12-01,2006,12,T20I,T20I Series,2006/07,India,South Africa,New Wanderers Stadium,Johannesburg,South Africa,AWAY,South Africa,bat,India,WON,6 wickets,False,False,
249214,2006-12-03,2006,12,ODI,India in South Africa ODI Series,2006/07,India,South Africa,SuperSport Park,Centurion,South Africa,AWAY,South Africa,field,South Africa,LOST,9 wickets,False,False,
249215,2006-12-15,2006,12,TEST,Test Series,2006/07,India,South Africa,The Wanderers Stadium,Johannesburg,South Africa,AWAY,India,bat,India,WON,123 runs,False,False,
249216,2006-12-26,2006,12,TEST,Test Series,2006/07,India,South Africa,Kingsmead,Durban,South Africa,AWAY,South Africa,bat,South Africa,LOST,174 runs,False,False,
267709,2007-01-31,2007,1,ODI,West Indies in India ODI Series,2006/07,India,West Indies,Indian Petrochemicals Corporation Limited Sports Complex Ground,Vadodara,India,HOME,West Indies,field,India,WON,160 runs,False,False,
267710,2007-02-08,2007,2,ODI,Sri Lanka in India ODI Series,2006/07,India,Sri Lanka,Eden Gardens,Kolkata,India,HOME,India,field,,NO_RESULT,,False,False,
267712,2007-02-11,2007,2,ODI,Sri Lanka in India ODI Series,2006/07,India,Sri Lanka,Madhavrao Scindia Cricket Ground,Rajkot,India,HOME,India,field,Sri Lanka,LOST,5 runs,False,False,
267715,2007-02-14,2007,2,ODI,Sri Lanka in India ODI Series,2006/07,India,Sri Lanka,"Nehru Stadium, Fatorda",Margao,India,HOME,Sri Lanka,bat,India,WON,5 wickets,False,False,
267713,2007-02-17,2007,2,ODI,Sri Lanka in India ODI Series,2006/07,India,Sri Lanka,Andhra Cricket Association-Visakhapatnam District Cricket Association Stadium,Visakhapatnam,India,HOME,India,field,India,WON,7 wickets,False,False,
247464,2007-03-17,2007,3,ODI,ICC World Cup,2006/07,India,Bangladesh,"Queen's Park Oval, Port of Spain",Trinidad,Trinidad and Tobago,NEUTRAL,India,bat,Bangladesh,LOST,5 wickets,False,False,
247468,2007-03-19,2007,3,ODI,ICC World Cup,2006/07,India,Bermuda,"Queen's Park Oval, Port of Spain",Trinidad,Trinidad and Tobago,NEUTRAL,Bermuda,field,India,WON,257 runs,False,False,
247476,2007-03-23,2007,3,ODI,ICC World Cup,2006/07,India,Sri Lanka,"Queen's Park Oval, Port of Spain",Trinidad,Trinidad and Tobago,NEUTRAL,India,field,Sri Lanka,LOST,69 runs,False,False,
282688,2007-05-10,2007,5,ODI,India in Bangladesh ODI Series,2007,India,Bangladesh,Shere Bangla National Stadium,Mirpur,Pakistan,NEUTRAL,Bangladesh,bat,India,WON,5 wickets,False,True,
282689,2007-05-12,2007,5,ODI,India in Bangladesh ODI Series,2007,India,Bangladesh,Shere Bangla National Stadium,Mirpur,Pakistan,NEUTRAL,India,bat,India,WON,46 runs,False,False,
282691,2007-05-18,2007,5,TEST,Test Series,2007,India,Bangladesh,Zahur Ahmed Chowdhury Stadium,Chattogram,Unknown,NEUTRAL,India,bat,,DRAWN,,False,False,
282692,2007-05-25,2007,5,TEST,Test Series,2007,India,Bangladesh,"Shere Bangla National Stadium, Mirpur",Dhaka,Pakistan,NEUTRAL,Bangladesh,field,India,WON,239 runs,False,False,
289107,2007-06-06,2007,6,ODI,Afro-Asia Cup,2007,Asia XI,Africa XI,M Chinnaswamy Stadium,Bangalore,India,NEUTRAL,Asia XI,bat,Asia XI,WON,34 runs,False,False,
289108,2007-06-09,2007,6,ODI,Afro-Asia Cup,2007,Asia XI,Africa XI,"MA Chidambaram Stadium, Chepauk",Chennai,India,NEUTRAL,Asia XI,bat,Asia XI,WON,31 runs,False,False,
289110,2007-06-10,2007,6,ODI,Afro-Asia Cup,2007,Asia XI,Africa XI,"MA Chidambaram Stadium, Chepauk",Chennai,India,NEUTRAL,Asia XI,bat,Asia XI,WON,13 runs,False,True,
293077,2007-06-29,2007,6,ODI,Future Cup,2007,India,South Africa,"Civil Service Cricket Club, Stormont",Belfast,Unknown,NEUTRAL,India,field,India,WON,6 wickets,False,False,
293078,2007-07-01,2007,7,ODI,Future Cup,2007,India,South Africa,"Civil Service Cricket Club, Stormont",Belfast,Unknown,NEUTRAL,India,field,India,WON,6 wickets,False,False,
258468,2007-07-19,2007,7,TEST,Test Series,2007,India,England,Lord's,London,England,AWAY,England,bat,,DRAWN,,False,False,
258469,2007-07-27,2007,7,TEST,Test Series,2007,India,England,Trent Bridge,Nottingham,England,AWAY,India,field,India,WON,7 wickets,False,False,
258470,2007-08-09,2007,8,TEST,Test Series,2007,India,England,Kennington Oval,London,England,AWAY,India,bat,,DRAWN,,False,False,
275789,2007-08-16,2007,8,ODI,ODI Series,2007,India,Scotland,Titwood,Glasgow,Unknown,NEUTRAL,India,field,India,WON,7 wickets,False,False,
258471,2007-08-21,2007,8,ODI,NatWest Series,2007,India,England,The Rose Bowl,Southampton,England,AWAY,India,field,England,LOST,104 runs,False,False,
258472,2007-08-24,2007,8,ODI,NatWest Series,2007,India,England,County Ground,Bristol,England,AWAY,India,bat,India,WON,9 runs,False,False,
258473,2007-08-27,2007,8,ODI,NatWest Series,2007,India,England,Edgbaston,Birmingham,England,AWAY,India,field,England,LOST,42 runs,False,False,
258474,2007-08-30,2007,8,ODI,NatWest Series,2007,India,England,Old Trafford,Manchester,England,AWAY,India,bat,England,LOST,3 wickets,False,False,
258475,2007-09-02,2007,9,ODI,NatWest Series,2007,India,England,Headingley,Leeds,England,AWAY,England,field,India,WON,38 runs,False,False,
258476,2007-09-05,2007,9,ODI,NatWest Series,2007,India,England,Kennington Oval,London,England,AWAY,England,bat,India,WON,2 wickets,False,False,
258477,2007-09-08,2007,9,ODI,NatWest Series,2007,India,England,Lord's,London,England,AWAY,India,bat,England,LOST,7 wickets,False,False,
287862,2007-09-14,2007,9,T20I,ICC World Twenty20,2007/08,India,Pakistan,Kingsmead,Durban,South Africa,NEUTRAL,Pakistan,field,,TIED,,True,False,
287865,2007-09-16,2007,9,T20I,ICC World Twenty20,2007/08,India,New Zealand,New Wanderers Stadium,Johannesburg,South Africa,NEUTRAL,India,field,New Zealand,LOST,10 runs,True,False,
287873,2007-09-19,2007,9,T20I,ICC World Twenty20,2007/08,India,England,Kingsmead,Durban,South Africa,NEUTRAL,India,bat,India,WON,18 runs,True,False,
287876,2007-09-20,2007,9,T20I,ICC World Twenty20,2007/08,India,South Africa,Kingsmead,Durban,South Africa,AWAY,India,bat,India,WON,37 runs,True,False,
287878,2007-09-22,2007,9,T20I,ICC World Twenty20,2007/08,India,Australia,Kingsmead,Durban,South Africa,NEUTRAL,India,bat,India,WON,15 runs,True,False,Semi Final
287879,2007-09-24,2007,9,T20I,ICC World Twenty20,2007/08,India,Pakistan,New Wanderers Stadium,Johannesburg,South Africa,NEUTRAL,India,bat,India,WON,5 runs,True,False,Final
297793,2007-09-29,2007,9,ODI,Australia in India ODI Series,2007/08,India,Australia,M Chinnaswamy Stadium,Bangalore,India,HOME,Australia,bat,,NO_RESULT,,True,False,
297794,2007-10-02,2007,10,ODI,Australia in India ODI Series,2007/08,India,Australia,Nehru Stadium,Kochi,India,HOME,India,field,Australia,LOST,84 runs,True,False,
297795,2007-10-05,2007,10,ODI,Australia in India ODI Series,2007/08,India,Australia,"Rajiv Gandhi International Stadium, Uppal",Hyderabad,India,HOME,Australia,bat,Australia,LOST,47 runs,True,False,
297796,2007-10-08,2007,10,ODI,Australia in India ODI Series,2007/08,India,Australia,Sector 16 Stadium,Chandigarh,India,HOME,India,bat,India,WON,8 runs,True,True,
297797,2007-10-11,2007,10,ODI,Australia in India ODI Series,2007/08,India,Australia,Reliance Stadium,Vadodara,India,HOME,India,bat,Australia,LOST,9 wickets,True,False,
297798,2007-10-14,2007,10,ODI,Australia in India ODI Series,2007/08,India,Australia,Vidarbha Cricket Association Ground,Nagpur,India,HOME,Australia,bat,Australia,LOST,18 runs,True,False,
297799,2007-10-17,2007,10,ODI,Australia in India ODI Series,2007/08,India,Australia,Wankhede Stadium,Mumbai,India,HOME,Australia,bat,India,WON,2 wickets,True,False,
297800,2007-10-20,2007,10,T20I,T20I Series,2007/08,India,Australia,Brabourne Stadium,Mumbai,India,HOME,Australia,bat,India,WON,7 wickets,True,False,
297801,2007-11-05,2007,11,ODI,Pakistan in India ODI Series,2007/08,India,Pakistan,Nehru Stadium,Guwahati,India,HOME,Pakistan,bat,India,WON,5 wickets,True,True,
297802,2007-11-08,2007,11,ODI,Pakistan in India ODI Series,2007/08,India,Pakistan,"Punjab Cricket Association Stadium, Mohali",Chandigarh,India,HOME,India,bat,Pakistan,LOST,4 wickets,True,False,
297803,2007-11-11,2007,11,ODI,Pakistan in India ODI Series,2007/08,India,Pakistan,Green Park,Kanpur,India,HOME,Pakistan,field,India,WON,46 runs,True,False,
297804,2007-11-15,2007,11,ODI,Pakistan in India ODI Series,2007/08,India,Pakistan,Captain Roop Singh Stadium,Gwalior,India,HOME,Pakistan,bat,India,WON,6 wickets,True,False,
297805,2007-11-18,2007,11,ODI,Pakistan in India ODI Series,2007/08,India,Pakistan,Sawai Mansingh Stadium,Jaipur,India,HOME,India,field,Pakistan,LOST,31 runs,True,False,
297806,2007-11-22,2007,11,TEST,Test Series,2007/08,India,Pakistan,Arun Jaitley Stadium,Delhi,India,HOME,Pakistan,bat,India,WON,6 wickets,False,False,
297807,2007-11-30,2007,11,TEST,Test Series,2007/08,India,Pakistan,Eden Gardens,Kolkata,India,HOME,India,bat,,DRAWN,,False,False,
291351,2007-12-26,2007,12,TEST,Test Series,2007/08,India,Australia,Melbourne Cricket Ground,,Australia,AWAY,Australia,bat,Australia,LOST,337 runs,False,False,
291352,2008-01-02,2008,1,TEST,Test Series,2007/08,India,Australia,Sydney Cricket Ground,,Australia,AWAY,Australia,bat,Australia,LOST,122 runs,False,False,
291353,2008-01-16,2008,1,TEST,Test Series,2007/08,India,Australia,Western Australia Cricket Association Ground,Perth,Australia,AWAY,India,bat,India,WON,72 runs,False,False,
291354,2008-01-24,2008,1,TEST,Test Series,2007/08,India,Australia,Adelaide Oval,,Australia,AWAY,India,bat,,DRAWN,,False,False,
291356,2008-02-01,2008,2,T20I,T20I Series,2007/08,India,Australia,Melbourne Cricket Ground,,Australia,AWAY,India,bat,Australia,LOST,9 wickets,True,False,
291359,2008-02-03,2008,2,ODI,Commonwealth Bank Series,2007/08,India,Australia,"Brisbane Cricket Ground, Woolloongabba",Brisbane,Australia,AWAY,India,bat,,NO_RESULT,,True,False,
291360,2008-02-05,2008,2,ODI,Commonwealth Bank Series,2007/08,India,Sri Lanka,"Brisbane Cricket Ground, Woolloongabba",Brisbane,Australia,NEUTRAL,India,bat,,NO_RESULT,,True,False,
291362,2008-02-10,2008,2,ODI,Commonwealth Bank Series,2007/08,India,Australia,Melbourne Cricket Ground,,Australia,AWAY,Australia,bat,India,WON,5 wickets,True,False,
291365,2008-02-17,2008,2,ODI,Commonwealth Bank Series,2007/08,India,Australia,Adelaide Oval,,Australia,AWAY,Australia,bat,Australia,LOST,50 runs,True,False,
291366,2008-02-19,2008,2,ODI,Commonwealth Bank Series,2007/08,India,Sri Lanka,Adelaide Oval,,Australia,NEUTRAL,Sri Lanka,bat,India,WON,2 wickets,True,False,
291368,2008-02-24,2008,2,ODI,Commonwealth Bank Series,2007/08,India,Australia,Sydney Cricket Ground,,Australia,AWAY,Australia,bat,Australia,LOST,18 runs,True,False,
291369,2008-02-26,2008,2,ODI,Commonwealth Bank Series,2007/08,India,Sri Lanka,Bellerive Oval,Hobart,Australia,NEUTRAL,India,field,India,WON,7 wickets,True,False,
291371,2008-03-02,2008,3,ODI,Commonwealth Bank Series,2007/08,India,Australia,Sydney Cricket Ground,,Australia,AWAY,Australia,bat,India,WON,6 wickets,True,False,Final
291372,2008-03-04,2008,3,ODI,Commonwealth Bank Series,2007/08,India,Australia,"Brisbane Cricket Ground, Woolloongabba",Brisbane,Australia,AWAY,India,bat,India,WON,9 runs,True,False,Final
332911,2008-03-26,2008,3,TEST,Test Series,2007/08,India,South Africa,"MA Chidambaram Stadium, Chepauk",Chennai,India,HOME,South Africa,bat,,DRAWN,,False,False,
332912,2008-04-03,2008,4,TEST,Test Series,2007/08,India,South Africa,"Sardar Patel Stadium, Motera",Ahmedabad,India,HOME,India,bat,South Africa,LOST,90 runs,False,False,
332913,2008-04-11,2008,4,TEST,Test Series,2007/08,India,South Africa,Green Park,Kanpur,India,HOME,South Africa,bat,India,WON,8 wickets,True,False,
335983,2008-04-19,2008,4,IPL,Indian Premier League,2007/08,Chennai Super Kings,Kings XI Punjab,"Punjab Cricket Association Stadium, Mohali",Chandigarh,India,AWAY,Chennai Super Kings,bat,Chennai Super Kings,WON,33 runs,False,False,
335989,2008-04-23,2008,4,IPL,Indian Premier League,2007/08,Chennai Super Kings,Mumbai Indians,"MA Chidambaram Stadium, Chepauk",Chennai,India,HOME,Mumbai Indians,field,Chennai Super Kings,WON,6 runs,False,False,
335993,2008-04-26,2008,4,IPL,Indian Premier League,2007/08,Chennai Super Kings,Kolkata Knight Riders,"MA Chidambaram Stadium, Chepauk",Chennai,India,HOME,Kolkata Knight Riders,bat,Chennai Super Kings,WON,9 wickets,False,False,
335996,2008-04-28,2008,4,IPL,Indian Premier League,2007/08,Chennai Super Kings,Royal Challengers Bangalore,M Chinnaswamy Stadium,Bangalore,India,AWAY,Chennai Super Kings,bat,Chennai Super Kings,WON,13 runs,False,True,
336001,2008-05-02,2008,5,IPL,Indian Premier League,2007/08,Chennai Super Kings,Delhi Daredevils,"MA Chidambaram Stadium, Chepauk",Chennai,India,HOME,Chennai Super Kings,bat,Delhi Daredevils,LOST,8 wickets,False,False,
336005,2008-05-04,2008,5,IPL,Indian Premier League,2007/08,Chennai Super Kings,Rajasthan Royals,Sawai Mansingh Stadium,Jaipur,India,AWAY,Chennai Super Kings,bat,Rajasthan Royals,LOST,8 wickets,False,False,
336007,2008-05-06,2008,5,IPL,Indian Premier League,2007/08,Chennai Super Kings,Deccan Chargers,"MA Chidambaram Stadium, Chepauk",Chennai,India,HOME,Deccan Chargers,field,Deccan Chargers,LOST,7 wickets,False,False,
336009,2008-05-08,2008,5,IPL,Indian Premier League,2007/08,Chennai Super Kings,Delhi Daredevils,Feroz Shah Kotla,Delhi,India,AWAY,Chennai Super Kings,field,Chennai Super Kings,WON,4 wickets,False,True,
336013,2008-05-10,2008,5,IPL,Indian Premier League,2007/08,Chennai Super Kings,Kings XI Punjab,"MA Chidambaram Stadium, Chepauk",Chennai,India,HOME,Kings XI Punjab,field,Chennai Super Kings,WON,18 runs,False,False,
336018,2008-05-14,2008,5,IPL,Indian Premier League,2007/08,Chennai Super Kings,Mumbai Indians,Wankhede Stadium,Mumbai,India,AWAY,Mumbai Indians,field,Mumbai Indians,LOST,9 wickets,False,False,
336025,2008-05-18,2008,5,IPL,Indian Premier League,2007/08,Chennai Super Kings,Kolkata Knight Riders,Eden Gardens,Kolkata,India,AWAY,Kolkata Knight Riders,bat,Chennai Super Kings,WON,3 runs,False,False,
336029,2008-05-21,2008,5,IPL,Indian Premier League,2007/08,Chennai Super Kings,Royal Challengers Bangalore,"MA Chidambaram Stadium, Chepauk",Chennai,India,HOME,Royal Challengers Bangalore,bat,Royal Challengers Bangalore,LOST,14 runs,False,False,
336033,2008-05-24,2008,5,IPL,Indian Premier League,2007/08,Chennai Super Kings,Rajasthan Royals,"MA Chidambaram Stadium, Chepauk",Chennai,India,HOME,Rajasthan Royals,bat,Rajasthan Royals,LOST,10 runs,False,False,
336037,2008-05-27,2008,5,IPL,Indian Premier League,2007/08,Chennai Super Kings,Deccan Chargers,"Rajiv Gandhi International Stadium, Uppal",Hyderabad,India,AWAY,Deccan Chargers,bat,Chennai Super Kings,WON,7 wickets,False,False,
336039,2008-05-31,2008,5,IPL,Indian Premier League,2007/08,Chennai Super Kings,Kings XI Punjab,Wankhede Stadium,Mumbai,India,AWAY,Kings XI Punjab,bat,Chennai Super Kings,WON,9 wickets,False,False,Semi Final
336040,2008-06-01,2008,6,IPL,Indian Premier League,2007/08,Chennai Super Kings,Rajasthan Royals,Dr DY Patil Sports Academy,Mumbai,India,AWAY,Rajasthan Royals,field,Rajasthan Royals,LOST,3 wickets,False,False,Final
345469,2008-06-10,2008,6,ODI,Kitply Cup,2008,India,Pakistan,Shere Bangla National Stadium,Mirpur,Pakistan,AWAY,India,bat,India,WON,140 runs,True,False,
345470,2008-06-12,2008,6,ODI,Kitply Cup,2008,India,Bangladesh,Shere Bangla National Stadium,Mirpur,Pakistan,NEUTRAL,Bangladesh,bat,India,WON,7 wickets,True,False,
345471,2008-06-14,2008,6,ODI,Kitply Cup,2008,India,Pakistan,Shere Bangla National Stadium,Mirpur,Pakistan,AWAY,Pakistan,bat,Pakistan,LOST,25 runs,True,False,Final
335349,2008-06-25,2008,6,ODI,Asia Cup,2008,India,Hong Kong,National Stadium,Karachi,Pakistan,NEUTRAL,India,bat,India,WON,256 runs,True,False,
335351,2008-06-26,2008,6,ODI,Asia Cup,2008,India,Pakistan,National Stadium,Karachi,Pakistan,AWAY,Pakistan,bat,India,WON,6 wickets,True,False,
335352,2008-06-28,2008,6,ODI,Asia Cup,2008,India,Bangladesh,National Stadium,Karachi,Pakistan,NEUTRAL,Bangladesh,bat,India,WON,7 wickets,True,False,Super Four
335355,2008-07-02,2008,7,ODI,Asia Cup,2008,India,Pakistan,National Stadium,Karachi,Pakistan,AWAY,India,bat,Pakistan,LOST,8 wickets,True,False,Super Four
335356,2008-07-03,2008,7,ODI,Asia Cup,2008,India,Sri Lanka,National Stadium,Karachi,Pakistan,NEUTRAL,Sri Lanka,bat,India,WON,6 wickets,True,True,Super Four
335358,2008-07-06,2008,7,ODI,Asia Cup,2008,India,Sri Lanka,National Stadium,Karachi,Pakistan,NEUTRAL,India,field,Sri Lanka,LOST,100 runs,True,False,Final
343732,2008-08-18,2008,8,ODI,India in Sri Lanka ODI Series,2008,India,Sri Lanka,Rangiri Dambulla International Stadium,,Sri Lanka,AWAY,India,bat,Sri Lanka,LOST,8 wickets,True,False,
343733,2008-08-20,2008,8,ODI,India in Sri Lanka ODI Series,2008,India,Sri Lanka,Rangiri Dambulla International Stadium,,Sri Lanka,AWAY,India,field,India,WON,3 wickets,True,False,
343734,2008-08-24,2008,8,ODI,India in Sri Lanka ODI Series,2008,India,Sri Lanka,R Premadasa Stadium,Colombo,Sri Lanka,AWAY,India,bat,India,WON,33 runs,True,True,
366341,2008-08-27,2008,8,ODI,India in Sri Lanka ODI Series,2008,India,Sri Lanka,R Premadasa Stadium,Colombo,Sri Lanka,AWAY,India,bat,India,WON,46 runs,True,False,
343736,2008-08-29,2008,8,ODI,India in Sri Lanka ODI Series,2008,India,Sri Lanka,R Premadasa Stadium,Colombo,Sri Lanka,AWAY,Sri Lanka,bat,Sri Lanka,LOST,112 runs,True,False,
345669,2008-10-09,2008,10,TEST,Test Series,2008/09,India,Australia,M Chinnaswamy Stadium,Bangalore,India,HOME,Australia,bat,,DRAWN,,True,False,
345670,2008-10-17,2008,10,TEST,Test Series,2008/09,India,Australia,"Punjab Cricket Association Stadium, Mohali",Chandigarh,India,HOME,India,bat,India,WON,320 runs,True,True,
345671,2008-10-29,2008,10,TEST,Test Series,2008/09,India,Australia,Feroz Shah Kotla,Delhi,India,HOME,India,bat,,DRAWN,,False,False,
345672,2008-11-06,2008,11,TEST,Test Series,2008/09,India,Australia,"Vidarbha Cricket Association Stadium, Jamtha",Nagpur,India,HOME,India,bat,India,WON,172 runs,True,False,
361043,2008-11-14,2008,11,ODI,England in India ODI Series,2008/09,India,England,Madhavrao Scindia Cricket Ground,Rajkot,India,HOME,England,field,India,WON,158 runs,True,False,
361044,2008-11-17,2008,11,ODI,England in India ODI Series,2008/09,India,England,Maharani Usharaje Trust Cricket Ground,Indore,India,HOME,India,bat,India,WON,54 runs,True,False,
361045,2008-11-20,2008,11,ODI,England in India ODI Series,2008/09,India,England,Green Park,Kanpur,India,HOME,England,bat,India,WON,16 runs,True,False,
361046,2008-11-23,2008,11,ODI,England in India ODI Series,2008/09,India,England,M Chinnaswamy Stadium,Bangalore,India,HOME,England,field,India,WON,19 runs,True,False,
361047,2008-11-26,2008,11,ODI,England in India ODI Series,2008/09,India,England,Barabati Stadium,Cuttack,India,HOME,India,field,India,WON,6 wickets,True,False,
361050,2008-12-11,2008,12,TEST,Test Series,2008/09,India,England,"MA Chidambaram Stadium, Chepauk",Chennai,India,HOME,England,bat,India,WON,6 wickets,True,False,
361051,2008-12-19,2008,12,TEST,Test Series,2008/09,India,England,"Punjab Cricket Association Stadium, Mohali",Chandigarh,India,HOME,India,bat,,DRAWN,,True,False,
386530,2009-01-28,2009,1,ODI,India in Sri Lanka ODI Series,2008/09,India,Sri Lanka,Rangiri Dambulla International Stadium,,Sri Lanka,AWAY,India,field,India,WON,6 wickets,True,False,
386531,2009-01-31,2009,1,ODI,India in Sri Lanka ODI Series,2008/09,India,Sri Lanka,R Premadasa Stadium,Colombo,Sri Lanka,AWAY,India,bat,India,WON,15 runs,True,False,
386532,2009-02-03,2009,2,ODI,India in Sri Lanka ODI Series,2008/09,India,Sri Lanka,R Premadasa Stadium,Colombo,Sri Lanka,AWAY,India,bat,India,WON,147 runs,True,False,
386533,2009-02-05,2009,2,ODI,India in Sri Lanka ODI Series,2008/09,India,Sri Lanka,R Premadasa Stadium,Colombo,Sri Lanka,AWAY,India,bat,India,WON,67 runs,True,False,
386534,2009-02-08,2009,2,ODI,India in Sri Lanka ODI Series,2008/09,India,Sri Lanka,R Premadasa Stadium,Colombo,Sri Lanka,AWAY,Sri Lanka,bat,Sri Lanka,LOST,68 runs,True,False,
386535,2009-02-10,2009,2,T20I,T20I Series,2008/09,India,Sri Lanka,R Premadasa Stadium,Colombo,Sri Lanka,AWAY,Sri Lanka,bat,India,WON,3 wickets,True,False,
386494,2009-02-25,2009,2,T20I,India in New Zealand T20I Series,2008/09,India,New Zealand,AMI Stadium,Christchurch,New Zealand,AWAY,New Zealand,field,New Zealand,LOST,7 wickets,True,False,
366622,2009-02-27,2009,2,T20I,India in New Zealand T20I Series,2008/09,India,New Zealand,Westpac Stadium,Wellington,New Zealand,AWAY,New Zealand,field,New Zealand,LOST,5 wickets,True,False,
366623,2009-03-03,2009,3,ODI,India in New Zealand ODI Series,2008/09,India,New Zealand,McLean Park,Napier,New Zealand,AWAY,India,bat,India,WON,53 runs,True,True,
366626,2009-03-06,2009,3,ODI,India in New Zealand ODI Series,2008/09,India,New Zealand,Westpac Stadium,Wellington,New Zealand,AWAY,India,bat,,NO_RESULT,,True,False,
366627,2009-03-08,2009,3,ODI,India in New Zealand ODI Series,2008/09,India,New Zealand,AMI Stadium,Christchurch,New Zealand,AWAY,New Zealand,field,India,WON,58 runs,True,False,
366624,2009-03-11,2009,3,ODI,India in New Zealand ODI Series,2008/09,India,New Zealand,Seddon Park,Hamilton,New Zealand,AWAY,New Zealand,bat,India,WON,84 runs,True,False,
366625,2009-03-14,2009,3,ODI,India in New Zealand ODI Series,2008/09,India,New Zealand,Eden Park,Auckland,New Zealand,AWAY,India,bat,New Zealand,LOST,8 wickets,True,False,
366628,2009-03-18,2009,3,TEST,Test Series,2008/09,India,New Zealand,Seddon Park,Hamilton,New Zealand,AWAY,India,field,India,WON,10 wickets,True,False,
366629,2009-04-03,2009,4,TEST,Test Series,2008/09,India,New Zealand,Basin Reserve,Wellington,New Zealand,AWAY,New Zealand,field,,DRAWN,,True,False,
392181,2009-04-18,2009,4,IPL,Indian Premier League,2009,Chennai Super Kings,Mumbai Indians,Newlands,Cape Town,South Africa,NEUTRAL,Chennai Super Kings,field,Mumbai Indians,LOST,19 runs,True,False,
392185,2009-04-20,2009,4,IPL,Indian Premier League,2009,Chennai Super Kings,Royal Challengers Bangalore,St George's Park,Port Elizabeth,South Africa,NEUTRAL,Chennai Super Kings,bat,Chennai Super Kings,WON,92 runs,True,False,
392189,2009-04-23,2009,4,IPL,Indian Premier League,2009,Chennai Super Kings,Delhi Daredevils,Kingsmead,Durban,South Africa,NEUTRAL,Delhi Daredevils,bat,Delhi Daredevils,LOST,9 runs,True,False,
392196,2009-04-27,2009,4,IPL,Indian Premier League,2009,Chennai Super Kings,Deccan Chargers,Kingsmead,Durban,South Africa,NEUTRAL,Deccan Chargers,field,Deccan Chargers,LOST,6 wickets,True,False,
392202,2009-04-30,2009,4,IPL,Indian Premier League,2009,Chennai Super Kings,Rajasthan Royals,SuperSport Park,Centurion,South Africa,NEUTRAL,Rajasthan Royals,field,Chennai Super Kings,WON,38 runs,True,False,
392206,2009-05-02,2009,5,IPL,Indian Premier League,2009,Chennai Super Kings,Delhi Daredevils,New Wanderers Stadium,Johannesburg,South Africa,NEUTRAL,Delhi Daredevils,field,Chennai Super Kings,WON,18 runs,True,False,
392209,2009-05-04,2009,5,IPL,Indian Premier League,2009,Chennai Super Kings,Deccan Chargers,Buffalo Park,East London,South Africa,NEUTRAL,Chennai Super Kings,bat,Chennai Super Kings,WON,78 runs,True,True,
392214,2009-05-07,2009,5,IPL,Indian Premier League,2009,Chennai Super Kings,Kings XI Punjab,SuperSport Park,Centurion,South Africa,NEUTRAL,Chennai Super Kings,bat,Chennai Super Kings,WON,12 runs,True,False,
392217,2009-05-09,2009,5,IPL,Indian Premier League,2009,Chennai Super Kings,Rajasthan Royals,De Beers Diamond Oval,Kimberley,South Africa,NEUTRAL,Rajasthan Royals,bat,Chennai Super Kings,WON,7 wickets,True,False,
392224,2009-05-14,2009,5,IPL,Indian Premier League,2009,Chennai Super Kings,Royal Challengers Bangalore,Kingsmead,Durban,South Africa,NEUTRAL,Chennai Super Kings,bat,Royal Challengers Bangalore,LOST,2 wickets,True,False,
392227,2009-05-16,2009,5,IPL,Indian Premier League,2009,Chennai Super Kings,Mumbai Indians,St George's Park,Port Elizabeth,South Africa,NEUTRAL,Mumbai Indians,bat,Chennai Super Kings,WON,7 wickets,True,False,
392231,2009-05-18,2009,5,IPL,Indian Premier League,2009,Chennai Super Kings,Kolkata Knight Riders,SuperSport Park,Centurion,South Africa,NEUTRAL,Chennai Super Kings,bat,Kolkata Knight Riders,LOST,7 wickets,True,False,
392234,2009-05-20,2009,5,IPL,Indian Premier League,2009,Chennai Super Kings,Kings XI Punjab,Kingsmead,Durban,South Africa,NEUTRAL,Chennai Super Kings,bat,Chennai Super Kings,WON,24 runs,True,False,
392238,2009-05-23,2009,5,IPL,Indian Premier League,2009,Chennai Super Kings,Royal Challengers Bangalore,New Wanderers Stadium,Johannesburg,South Africa,NEUTRAL,Royal Challengers Bangalore,field,Royal Challengers Bangalore,LOST,6 wickets,True,False,Semi Final
355994,2009-06-06,2009,6,T20I,ICC World Twenty20,2009,India,Bangladesh,Trent Bridge,Nottingham,England,NEUTRAL,India,bat,India,WON,25 runs,True,False,
356001,2009-06-10,2009,6,T20I,ICC World Twenty20,2009,India,Ireland,Trent Bridge,Nottingham,England,NEUTRAL,India,field,India,WON,8 wickets,True,False,
356006,2009-06-12,2009,6,T20I,ICC World Twenty20,2009,India,West Indies,Lord's,London,England,NEUTRAL,India,bat,West Indies,LOST,7 wickets,True,False,
356010,2009-06-14,2009,6,T20I,ICC World Twenty20,2009,India,England,Lord's,London,England,AWAY,India,field,England,LOST,3 runs,True,False,
356014,2009-06-16,2009,6,T20I,ICC World Twenty20,2009,India,South Africa,Trent Bridge,Nottingham,England,NEUTRAL,South Africa,bat,South Africa,LOST,12 runs,True,False,
377313,2009-06-26,2009,6,ODI,India in West Indies ODI Series,2009,India,West Indies,"Sabina Park, Kingston",Jamaica,Jamaica,AWAY,India,bat,India,WON,20 runs,True,False,
377314,2009-06-28,2009,6,ODI,India in West Indies ODI Series,2009,India,West Indies,"Sabina Park, Kingston",Jamaica,Jamaica,AWAY,India,bat,West Indies,LOST,8 wickets,True,False,
377315,2009-07-03,2009,7,ODI,India in West Indies ODI Series,2009,India,West Indies,"Beausejour Stadium, Gros Islet",St Lucia,Saint Lucia,AWAY,India,field,India,WON,6 wickets,True,True,
377316,2009-07-05,2009,7,ODI,India in West Indies ODI Series,2009,India,West Indies,"Beausejour Stadium, Gros Islet",St Lucia,Saint Lucia,AWAY,India,field,,NO_RESULT,,True,False,
403382,2009-09-11,2009,9,ODI,Compaq Cup,2009,India,New Zealand,R Premadasa Stadium,Colombo,Sri Lanka,NEUTRAL,New Zealand,bat,India,WON,6 wickets,True,False,
403381,2009-09-12,2009,9,ODI,Compaq Cup,2009,India,Sri Lanka,R Premadasa Stadium,Colombo,Sri Lanka,AWAY,Sri Lanka,bat,Sri Lanka,LOST,139 runs,True,False,
403383,2009-09-14,2009,9,ODI,Compaq Cup,2009,India,Sri Lanka,R Premadasa Stadium,Colombo,Sri Lanka,AWAY,India,bat,India,WON,46 runs,True,False,Final
415278,2009-09-26,2009,9,ODI,ICC Champions Trophy,2009/10,India,Pakistan,SuperSport Park,Centurion,South Africa,NEUTRAL,Pakistan,bat,Pakistan,LOST,54 runs,True,False,
415281,2009-09-28,2009,9,ODI,ICC Champions Trophy,2009/10,India,Australia,SuperSport Park,Centurion,South Africa,NEUTRAL,Australia,bat,,NO_RESULT,,True,False,
415284,2009-09-30,2009,9,ODI,ICC Champions Trophy,2009/10,India,West Indies,New Wanderers Stadium,Johannesburg,South Africa,NEUTRAL,India,field,India,WON,7 wickets,True,False,
416236,2009-10-25,2009,10,ODI,Australia in India ODI Series,2009/10,India,Australia,Reliance Stadium,Vadodara,India,HOME,Australia,bat,Australia,LOST,4 runs,True,False,
416237,2009-10-28,2009,10,ODI,Australia in India ODI Series,2009/10,India,Australia,"Vidarbha Cricket Association Stadium, Jamtha",Nagpur,India,HOME,Australia,field,India,WON,99 runs,True,True,
416238,2009-10-31,2009,10,ODI,Australia in India ODI Series,2009/10,India,Australia,Feroz Shah Kotla,Delhi,India,HOME,Australia,bat,India,WON,6 wickets,True,False,
416239,2009-11-02,2009,11,ODI,Australia in India ODI Series,2009/10,India,Australia,"Punjab Cricket Association Stadium, Mohali",Chandigarh,India,HOME,India,field,Australia,LOST,24 runs,True,False,
416240,2009-11-05,2009,11,ODI,Australia in India ODI Series,2009/10,India,Australia,"Rajiv Gandhi International Stadium, Uppal",Hyderabad,India,HOME,Australia,bat,Australia,LOST,3 runs,True,False,
416241,2009-11-08,2009,11,ODI,Australia in India ODI Series,2009/10,India,Australia,Nehru Stadium,Guwahati,India,HOME,India,bat,Australia,LOST,6 wickets,True,False,
430881,2009-11-16,2009,11,TEST,Test Series,2009/10,India,Sri Lanka,"Sardar Patel Stadium, Motera",Ahmedabad,India,HOME,India,bat,,DRAWN,,True,False,
430882,2009-11-24,2009,11,TEST,Test Series,2009/10,India,Sri Lanka,Green Park,Kanpur,India,HOME,India,bat,India,WON,144 runs,True,False,
430883,2009-12-02,2009,12,TEST,Test Series,2009/10,India,Sri Lanka,Brabourne Stadium,Mumbai,India,HOME,Sri Lanka,bat,India,WON,24 runs,True,False,
430884,2009-12-09,2009,12,T20I,Sri Lanka in India T20I Series,2009/10,India,Sri Lanka,"Vidarbha Cricket Association Stadium, Jamtha",Nagpur,India,HOME,India,field,Sri Lanka,LOST,29 runs,True,False,
430885,2009-12-12,2009,12,T20I,Sri Lanka in India T20I Series,2009/10,India,Sri Lanka,"Punjab Cricket Association Stadium, Mohali",Chandigarh,India,HOME,Sri Lanka,bat,India,WON,6 wickets,True,False,
430886,2009-12-15,2009,12,ODI,Sri Lanka in India ODI Series,2009/10,India,Sri Lanka,Madhavrao Scindia Cricket Ground,Rajkot,India,HOME,Sri Lanka,field,India,WON,3 runs,True,False,
430887,2009-12-18,2009,12,ODI,Sri Lanka in India ODI Series,2009/10,India,Sri Lanka,"Vidarbha Cricket Association Stadium, Jamtha",Nagpur,India,HOME,India,bat,Sri Lanka,LOST,3 wickets,True,False,
430890,2009-12-27,2009,12,ODI,Sri Lanka in India ODI Series,2009/10,India,Sri Lanka,Feroz Shah Kotla,Delhi,India,HOME,India,field,,NO_RESULT,,True,False,
434259,2010-01-05,2010,1,ODI,Tri-Nation Tournament in Bangladesh,2009/10,India,Sri Lanka,Shere Bangla National Stadium,Mirpur,Pakistan,NEUTRAL,Sri Lanka,field,Sri Lanka,LOST,5 wickets,True,False,
434260,2010-01-07,2010,1,ODI,Tri-Nation Tournament in Bangladesh,2009/10,India,Bangladesh,Shere Bangla National Stadium,Mirpur,Pakistan,NEUTRAL,Bangladesh,bat,India,WON,6 wickets,True,True,
434262,2010-01-10,2010,1,ODI,Tri-Nation Tournament in Bangladesh,2009/10,India,Sri Lanka,Shere Bangla National Stadium,Mirpur,Pakistan,NEUTRAL,Sri Lanka,bat,India,WON,8 wickets,True,False,
434263,2010-01-11,2010,1,ODI,Tri-Nation Tournament in Bangladesh,2009/10,India,Bangladesh,Shere Bangla National Stadium,Mirpur,Pakistan,NEUTRAL,India,field,India,WON,6 wickets,True,False,
434264,2010-01-13,2010,1,ODI,Tri-Nation Tournament in Bangladesh,2009/10,India,Sri Lanka,Shere Bangla National Stadium,Mirpur,Pakistan,NEUTRAL,Sri Lanka,field,Sri Lanka,LOST,4 wickets,True,False,Final
434257,2010-01-24,2010,1,TEST,Test Series,2009/10,India,Bangladesh,Shere Bangla National Stadium,Mirpur,Pakistan,NEUTRAL,Bangladesh,bat,India,WON,10 wickets,True,False,
441825,2010-02-06,2010,2,TEST,Test Series,2009/10,India,South Africa,"Vidarbha Cricket Association Stadium, Jamtha",Nagpur,India,HOME,South Africa,bat,South Africa,LOST,6 runs,True,False,
441826,2010-02-14,2010,2,TEST,Test Series,2009/10,India,South Africa,Eden Gardens,Kolkata,India,HOME,South Africa,bat,India,WON,57 runs,True,False,
441827,2010-02-21,2010,2,ODI,South Africa in India ODI Series,2009/10,India,South Africa,Sawai Mansingh Stadium,Jaipur,India,HOME,South Africa,field,India,WON,1 runs,True,False,
441828,2010-02-24,2010,2,ODI,South Africa in India ODI Series,2009/10,India,South Africa,Captain Roop Singh Stadium,Gwalior,India,HOME,India,bat,India,WON,153 runs,True,False,
441829,2010-02-27,2010,2,ODI,South Africa in India ODI Series,2009/10,India,South Africa,"Sardar Patel Stadium, Motera",Ahmedabad,India,HOME,South Africa,bat,South Africa,LOST,90 runs,True,False,
419110,2010-03-14,2010,3,IPL,Indian Premier League,2009/10,Chennai Super Kings,Deccan Chargers,"MA Chidambaram Stadium, Chepauk",Chennai,India,HOME,Deccan Chargers,bat,Deccan Chargers,LOST,31 runs,False,False,
419113,2010-03-16,2010,3,IPL,Indian Premier League,2009/10,Chennai Super Kings,Kolkata Knight Riders,Eden Gardens,Kolkata,India,AWAY,Chennai Super Kings,bat,Chennai Super Kings,WON,55 runs,False,True,
419125,2010-03-25,2010,3,IPL,Indian Premier League,2009/10,Chennai Super Kings,Mumbai Indians,"Brabourne Stadium, Mumbai",Mumbai,India,AWAY,Mumbai Indians,field,Mumbai Indians,LOST,5 wickets,False,False,
419129,2010-03-28,2010,3,IPL,Indian Premier League,2009/10,Chennai Super Kings,Rajasthan Royals,"Sardar Patel Stadium, Motera",Ahmedabad,India,AWAY,Rajasthan Royals,bat,Rajasthan Royals,LOST,17 runs,False,False,
419133,2010-03-31,2010,3,IPL,Indian Premier League,2009/10,Chennai Super Kings,Royal Challengers Bangalore,"MA Chidambaram Stadium, Chepauk",Chennai,India,HOME,Royal Challengers Bangalore,bat,Chennai Super Kings,WON,5 wickets,False,False,
419137,2010-04-03,2010,4,IPL,Indian Premier League,2009/10,Chennai Super Kings,Rajasthan Royals,"MA Chidambaram Stadium, Chepauk",Chennai,India,HOME,Chennai Super Kings,bat,Chennai Super Kings,WON,23 runs,False,False,
419142,2010-04-06,2010,4,IPL,Indian Premier League,2009/10,Chennai Super Kings,Mumbai Indians,"MA Chidambaram Stadium, Chepauk",Chennai,India,HOME,Chennai Super Kings,bat,Chennai Super Kings,WON,24 runs,False,False,
419147,2010-04-10,2010,4,IPL,Indian Premier League,2009/10,Chennai Super Kings,Deccan Chargers,"Vidarbha Cricket Association Stadium, Jamtha",Nagpur,India,AWAY,Chennai Super Kings,bat,Deccan Chargers,LOST,6 wickets,False,False,
419153,2010-04-13,2010,4,IPL,Indian Premier League,2009/10,Chennai Super Kings,Kolkata Knight Riders,"MA Chidambaram Stadium, Chepauk",Chennai,India,HOME,Kolkata Knight Riders,bat,Chennai Super Kings,WON,9 wickets,False,False,
419155,2010-04-15,2010,4,IPL,Indian Premier League,2009/10,Chennai Super Kings,Delhi Daredevils,"MA Chidambaram Stadium, Chepauk",Chennai,India,HOME,Chennai Super Kings,bat,Delhi Daredevils,LOST,6 wickets,False,False,
419159,2010-04-18,2010,4,IPL,Indian Premier League,2009/10,Chennai Super Kings,Kings XI Punjab,Himachal Pradesh Cricket Association Stadium,Dharamsala,India,AWAY,Chennai Super Kings,field,Chennai Super Kings,WON,6 wickets,False,True,
419163,2010-04-22,2010,4,IPL,Indian Premier League,2009/10,Chennai Super Kings,Deccan Chargers,Dr DY Patil Sports Academy,Mumbai,India,AWAY,Chennai Super Kings,bat,Chennai Super Kings,WON,38 runs,False,False,Semi Final
419165,2010-04-25,2010,4,IPL,Indian Premier League,2009/10,Chennai Super Kings,Mumbai Indians,Dr DY Patil Sports Academy,Mumbai,India,AWAY,Chennai Super Kings,bat,Chennai Super Kings,WON,22 runs,False,False,Final
412682,2010-05-02,2010,5,T20I,ICC World Twenty20,2010,India,South Africa,"Beausejour Stadium, Gros Islet",St Lucia,Saint Lucia,NEUTRAL,South Africa,field,India,WON,14 runs,True,False,
412691,2010-05-07,2010,5,T20I,ICC World Twenty20,2010,India,Australia,"Kensington Oval, Bridgetown",Barbados,Barbados,NEUTRAL,India,field,Australia,LOST,49 runs,True,False,
412695,2010-05-09,2010,5,T20I,ICC World Twenty20,2010,India,West Indies,"Kensington Oval, Bridgetown",Barbados,Barbados,AWAY,India,field,West Indies,LOST,14 runs,True,False,
412699,2010-05-11,2010,5,T20I,ICC World Twenty20,2010,India,Sri Lanka,"Beausejour Stadium, Gros Islet",St Lucia,Saint Lucia,NEUTRAL,India,bat,Sri Lanka,LOST,5 wickets,True,False,
455232,2010-06-16,2010,6,ODI,Asia Cup,2010,India,Bangladesh,Rangiri Dambulla International Stadium,,Sri Lanka,NEUTRAL,Bangladesh,bat,India,WON,6 wickets,True,False,
455234,2010-06-19,2010,6,ODI,Asia Cup,2010,India,Pakistan,Rangiri Dambulla International Stadium,,Sri Lanka,NEUTRAL,Pakistan,bat,India,WON,3 wickets,True,False,
455236,2010-06-22,2010,6,ODI,Asia Cup,2010,India,Sri Lanka,Rangiri Dambulla International Stadium,,Sri Lanka,AWAY,Sri Lanka,field,Sri Lanka,LOST,7 wickets,True,False,
455237,2010-06-24,2010,6,ODI,Asia Cup,2010,India,Sri Lanka,Rangiri Dambulla International Stadium,,Sri Lanka,AWAY,India,bat,India,WON,81 runs,True,False,Final
456669,2010-07-18,2010,7,TEST,Test Series,2010,India,Sri Lanka,Galle International Stadium,,Sri Lanka,AWAY,Sri Lanka,bat,Sri Lanka,LOST,10 wickets,True,False,
456670,2010-07-26,2010,7,TEST,Test Series,2010,India,Sri Lanka,Sinhalese Sports Club Ground,Colombo,Sri Lanka,AWAY,Sri Lanka,bat,,DRAWN,,True,False,
456671,2010-08-03,2010,8,TEST,Test Series,2010,India,Sri Lanka,P Sara Oval,Colombo,Sri Lanka,AWAY,Sri Lanka,bat,India,WON,5 wickets,True,False,
456662,2010-08-10,2010,8,ODI,Sri Lanka Triangular Series,2010,India,New Zealand,Rangiri Dambulla International Stadium,,Sri Lanka,NEUTRAL,New Zealand,bat,New Zealand,LOST,200 runs,True,False,
456663,2010-08-16,2010,8,ODI,Sri Lanka Triangular Series,2010,India,Sri Lanka,Rangiri Dambulla International Stadium,,Sri Lanka,AWAY,Sri Lanka,bat,India,WON,6 wickets,True,False,
456666,2010-08-22,2010,8,ODI,Sri Lanka Triangular Series,2010,India,Sri Lanka,Rangiri Dambulla International Stadium,,Sri Lanka,AWAY,India,bat,Sri Lanka,LOST,8 wickets,True,False,
456665,2010-08-25,2010,8,ODI,Sri Lanka Triangular Series,2010,India,New Zealand,Rangiri Dambulla International Stadium,,Sri Lanka,NEUTRAL,India,bat,India,WON,105 runs,True,False,
456668,2010-08-28,2010,8,ODI,Sri Lanka Triangular Series,2010,India,Sri Lanka,Rangiri Dambulla International Stadium,,Sri Lanka,AWAY,Sri Lanka,bat,Sri Lanka,LOST,74 runs,True,False,Final
464526,2010-10-01,2010,10,TEST,Test Series,2010/11,India,Australia,"Punjab Cricket Association Stadium, Mohali",Chandigarh,India,HOME,Australia,bat,India,WON,1 wickets,True,False,
464527,2010-10-09,2010,10,TEST,Test Series,2010/11,India,Australia,M Chinnaswamy Stadium,Bangalore,India,HOME,Australia,bat,India,WON,7 wickets,True,False,
464529,2010-10-20,2010,10,ODI,Australia in India ODI Series,2010/11,India,Australia,Dr. Y.S. Rajasekhara Reddy ACA-VDCA Cricket Stadium,Visakhapatnam,India,HOME,India,field,India,WON,5 wickets,True,False,
464531,2010-11-04,2010,11,TEST,Test Series,2010/11,India,New Zealand,"Sardar Patel Stadium, Motera",Ahmedabad,India,HOME,India,bat,,DRAWN,,True,False,
464532,2010-11-12,2010,11,TEST,Test Series,2010/11,India,New Zealand,"Rajiv Gandhi International Stadium, Uppal",Hyderabad,India,HOME,New Zealand,bat,,DRAWN,,True,False,
464533,2010-11-20,2010,11,TEST,Test Series,2010/11,India,New Zealand,"Vidarbha Cricket Association Stadium, Jamtha",Nagpur,India,HOME,New Zealand,bat,India,WON,198 runs,True,False,
463146,2010-12-16,2010,12,TEST,Test Series,2010/11,India,South Africa,SuperSport Park,Centurion,South Africa,AWAY,South Africa,field,South Africa,LOST,25 runs,True,False,
463147,2010-12-26,2010,12,TEST,Test Series,2010/11,India,South Africa,Kingsmead,Durban,South Africa,AWAY,South Africa,field,India,WON,87 runs,True,False,
463148,2011-01-02,2011,1,TEST,Test Series,2010/11,India,South Africa,Newlands,Cape Town,South Africa,AWAY,India,field,,DRAWN,,True,False,
463149,2011-01-09,2011,1,T20I,T20I Series,2010/11,India,South Africa,Moses Mabhida Stadium,Durban,South Africa,AWAY,India,bat,India,WON,21 runs,True,False,
463150,2011-01-12,2011,1,ODI,India in South Africa ODI Series,2010/11,India,South Africa,Kingsmead,Durban,South Africa,AWAY,South Africa,bat,South Africa,LOST,135 runs,True,False,
463151,2011-01-15,2011,1,ODI,India in South Africa ODI Series,2010/11,India,South Africa,New Wanderers Stadium,Johannesburg,South Africa,AWAY,India,bat,India,WON,1 runs,True,False,
463152,2011-01-18,2011,1,ODI,India in South Africa ODI Series,2010/11,India,South Africa,Newlands,Cape Town,South Africa,AWAY,South Africa,bat,India,WON,2 wickets,True,False,
463153,2011-01-21,2011,1,ODI,India in South Africa ODI Series,2010/11,India,South Africa,St George's Park,Port Elizabeth,South Africa,AWAY,South Africa,bat,South Africa,LOST,48 runs,True,False,
463154,2011-01-23,2011,1,ODI,India in South Africa ODI Series,2010/11,India,South Africa,SuperSport Park,Centurion,South Africa,AWAY,India,field,South Africa,LOST,33 runs,True,False,
433558,2011-02-19,2011,2,ODI,ICC Cricket World Cup,2010/11,India,Bangladesh,Shere Bangla National Stadium,Mirpur,Pakistan,NEUTRAL,Bangladesh,field,India,WON,87 runs,True,False,
433568,2011-02-27,2011,2,ODI,ICC Cricket World Cup,2010/11,India,England,M Chinnaswamy Stadium,Bangalore,India,HOME,India,bat,,TIED,,True,False,
433578,2011-03-06,2011,3,ODI,ICC Cricket World Cup,2010/11,India,Ireland,M Chinnaswamy Stadium,Bangalore,India,HOME,India,field,India,WON,5 wickets,True,False,
433582,2011-03-09,2011,3,ODI,ICC Cricket World Cup,2010/11,India,Netherlands,Feroz Shah Kotla,Delhi,India,HOME,Netherlands,bat,India,WON,5 wickets,True,False,
433586,2011-03-12,2011,3,ODI,ICC Cricket World Cup,2010/11,India,South Africa,"Vidarbha Cricket Association Stadium, Jamtha",Nagpur,India,HOME,India,bat,South Africa,LOST,3 wickets,True,False,
433599,2011-03-20,2011,3,ODI,ICC Cricket World Cup,2010/11,India,West Indies,"MA Chidambaram Stadium, Chepauk",Chennai,India,HOME,India,bat,India,WON,80 runs,True,False,
433601,2011-03-24,2011,3,ODI,ICC Cricket World Cup,2010/11,India,Australia,"Sardar Patel Stadium, Motera",Ahmedabad,India,HOME,Australia,bat,India,WON,5 wickets,True,False,Quarter Final
433605,2011-03-30,2011,3,ODI,ICC Cricket World Cup,2010/11,India,Pakistan,"Punjab Cricket Association Stadium, Mohali",Chandigarh,India,HOME,India,bat,India,WON,29 runs,True,False,Semi Final
433606,2011-04-02,2011,4,ODI,ICC Cricket World Cup,2010/11,India,Sri Lanka,Wankhede Stadium,Mumbai,India,HOME,Sri Lanka,bat,India,WON,6 wickets,True,True,Final
501198,2011-04-08,2011,4,IPL,Indian Premier League,2011,Chennai Super Kings,Kolkata Knight Riders,"MA Chidambaram Stadium, Chepauk",Chennai,India,HOME,Chennai Super Kings,bat,Chennai Super Kings,WON,2 runs,True,False,
501206,2011-04-13,2011,4,IPL,Indian Premier League,2011,Chennai Super Kings,Kings XI Punjab,"Punjab Cricket Association Stadium, Mohali",Chandigarh,India,AWAY,Kings XI Punjab,field,Kings XI Punjab,LOST,6 wickets,True,False,
501211,2011-04-16,2011,4,IPL,Indian Premier League,2011,Chennai Super Kings,Royal Challengers Bangalore,"MA Chidambaram Stadium, Chepauk",Chennai,India,HOME,Chennai Super Kings,bat,Chennai Super Kings,WON,21 runs,True,False,
501215,2011-04-18,2011,4,IPL,Indian Premier League,2011,Chennai Super Kings,Kochi Tuskers Kerala,Nehru Stadium,Kochi,India,AWAY,Kochi Tuskers Kerala,field,Kochi Tuskers Kerala,LOST,7 wickets,True,False,
501221,2011-04-22,2011,4,IPL,Indian Premier League,2011,Chennai Super Kings,Mumbai Indians,Wankhede Stadium,Mumbai,India,AWAY,Chennai Super Kings,field,Mumbai Indians,LOST,8 runs,True,False,
501226,2011-04-25,2011,4,IPL,Indian Premier League,2011,Chennai Super Kings,Pune Warriors,"MA Chidambaram Stadium, Chepauk",Chennai,India,HOME,Pune Warriors,field,Chennai Super Kings,WON,25 runs,True,False,
501228,2011-04-27,2011,4,IPL,Indian Premier League,2011,Chennai Super Kings,Pune Warriors,Dr DY Patil Sports Academy,Mumbai,India,AWAY,Pune Warriors,bat,Chennai Super Kings,WON,8 wickets,True,False,
501236,2011-05-01,2011,5,IPL,Indian Premier League,2011,Chennai Super Kings,Deccan Chargers,"MA Chidambaram Stadium, Chepauk",Chennai,India,HOME,Chennai Super Kings,bat,Chennai Super Kings,WON,19 runs,True,False,
501240,2011-05-04,2011,5,IPL,Indian Premier League,2011,Chennai Super Kings,Rajasthan Royals,"MA Chidambaram Stadium, Chepauk",Chennai,India,HOME,Rajasthan Royals,bat,Chennai Super Kings,WON,8 wickets,True,False,
501245,2011-05-07,2011,5,IPL,Indian Premier League,2011,Chennai Super Kings,Kolkata Knight Riders,Eden Gardens,Kolkata,India,AWAY,Chennai Super Kings,bat,Kolkata Knight Riders,LOST,10 runs,True,False,
501249,2011-05-09,2011,5,IPL,Indian Premier League,2011,Chennai Super Kings,Rajasthan Royals,Sawai Mansingh Stadium,Jaipur,India,AWAY,Rajasthan Royals,field,Chennai Super Kings,WON,63 runs,True,False,
501253,2011-05-12,2011,5,IPL,Indian Premier League,2011,Chennai Super Kings,Delhi Daredevils,"MA Chidambaram Stadium, Chepauk",Chennai,India,HOME,Chennai Super Kings,bat,Chennai Super Kings,WON,18 runs,True,True,
501261,2011-05-18,2011,5,IPL,Indian Premier League,2011,Chennai Super Kings,Kochi Tuskers Kerala,"MA Chidambaram Stadium, Chepauk",Chennai,India,HOME,Chennai Super Kings,bat,Chennai Super Kings,WON,11 runs,True,False,
501266,2011-05-22,2011,5,IPL,Indian Premier League,2011,Chennai Super Kings,Royal Challengers Bangalore,M Chinnaswamy Stadium,Bangalore,India,AWAY,Royal Challengers Bangalore,field,Royal Challengers Bangalore,LOST,8 wickets,True,False,
501268,2011-05-24,2011,5,IPL,Indian Premier League,2011,Chennai Super Kings,Royal Challengers Bangalore,Wankhede Stadium,Mumbai,India,AWAY,Chennai Super Kings,field,Chennai Super Kings,WON,6 wickets,True,False,Qualifier 1
501271,2011-05-28,2011,5,IPL,Indian Premier League,2011,Chennai Super Kings,Royal Challengers Bangalore,"MA Chidambaram Stadium, Chepauk",Chennai,India,HOME,Chennai Super Kings,bat,Chennai Super Kings,WON,58 runs,True,False,Final
489226,2011-06-20,2011,6,TEST,Test Series,2011,India,West Indies,"Sabina Park, Kingston",Jamaica,Jamaica,AWAY,India,bat,India,WON,63 runs,True,False,
489227,2011-06-28,2011,6,TEST,Test Series,2011,India,West Indies,"Kensington Oval, Bridgetown",Barbados,Barbados,AWAY,West Indies,field,,DRAWN,,True,False,
489228,2011-07-06,2011,7,TEST,Test Series,2011,India,West Indies,"Windsor Park, Roseau",Dominica,Unknown,NEUTRAL,India,field,,DRAWN,,True,False,
474472,2011-07-21,2011,7,TEST,Test Series,2011,India,England,Lord's,London,England,AWAY,India,field,England,LOST,196 runs,True,False,
474473,2011-07-29,2011,7,TEST,Test Series,2011,India,England,Trent Bridge,Nottingham,England,AWAY,India,field,England,LOST,319 runs,True,False,
474474,2011-08-10,2011,8,TEST,Test Series,2011,India,England,Edgbaston,Birmingham,England,AWAY,England,field,England,LOST,242 runs,True,False,
474475,2011-08-18,2011,8,TEST,Test Series,2011,India,England,Kennington Oval,London,England,AWAY,England,bat,England,LOST,8 runs,True,False,
474476,2011-08-31,2011,8,T20I,T20I Series,2011,India,England,Old Trafford,Manchester,England,AWAY,India,bat,England,LOST,6 wickets,True,False,
474477,2011-09-03,2011,9,ODI,NatWest Series,2011,India,England,Riverside Ground,Chester-le-Street,England,AWAY,England,field,,NO_RESULT,,True,False,
474478,2011-09-06,2011,9,ODI,NatWest Series,2011,India,England,The Rose Bowl,Southampton,England,AWAY,England,field,England,LOST,7 wickets,True,False,
474479,2011-09-09,2011,9,ODI,NatWest Series,2011,India,England,Kennington Oval,London,England,AWAY,England,field,England,LOST,3 wickets,True,False,
474480,2011-09-11,2011,9,ODI,NatWest Series,2011,India,England,Lord's,London,England,AWAY,England,field,,TIED,,True,False,
474481,2011-09-16,2011,9,ODI,NatWest Series,2011,India,England,Sophia Gardens,Cardiff,England,AWAY,England,field,England,LOST,6 wickets,True,False,
521218,2011-10-14,2011,10,ODI,England in India ODI Series,2011/12,India,England,"Rajiv Gandhi International Stadium, Uppal",Hyderabad,India,HOME,India,bat,India,WON,126 runs,True,True,
521219,2011-10-17,2011,10,ODI,England in India ODI Series,2011/12,India,England,Feroz Shah Kotla,Delhi,India,HOME,England,bat,India,WON,8 wickets,True,False,
521220,2011-10-20,2011,10,ODI,England in India ODI Series,2011/12,India,England,"Punjab Cricket Association Stadium, Mohali",Chandigarh,India,HOME,England,bat,India,WON,5 wickets,True,False,
521221,2011-10-23,2011,10,ODI,England in India ODI Series,2011/12,India,England,Wankhede Stadium,Mumbai,India,HOME,England,bat,India,WON,6 wickets,True,False,
521222,2011-10-25,2011,10,ODI,England in India ODI Series,2011/12,India,England,Eden Gardens,Kolkata,India,HOME,England,field,India,WON,95 runs,True,False,
521217,2011-10-29,2011,10,T20I,T20I Series,2011/12,India,England,Eden Gardens,Kolkata,India,HOME,India,bat,England,LOST,6 wickets,True,False,
535997,2011-11-06,2011,11,TEST,Test Series,2011/12,India,West Indies,Feroz Shah Kotla,Delhi,India,HOME,West Indies,bat,India,WON,5 wickets,True,False,
535998,2011-11-14,2011,11,TEST,Test Series,2011/12,India,West Indies,Eden Gardens,Kolkata,India,HOME,India,bat,India,WON,15 runs,True,False,
535999,2011-11-22,2011,11,TEST,Test Series,2011/12,India,West Indies,Wankhede Stadium,Mumbai,India,HOME,West Indies,bat,,DRAWN,,True,False,
518950,2011-12-26,2011,12,TEST,Test Series,2011/12,India,Australia,Melbourne Cricket Ground,,Australia,AWAY,Australia,bat,Australia,LOST,122 runs,True,False,
518951,2012-01-03,2012,1,TEST,Test Series,2011/12,India,Australia,Sydney Cricket Ground,,Australia,AWAY,India,bat,Australia,LOST,68 runs,True,False,
518952,2012-01-13,2012,1,TEST,Test Series,2011/12,India,Australia,Western Australia Cricket Association Ground,Perth,Australia,AWAY,Australia,field,Australia,LOST,37 runs,True,False,
518954,2012-02-01,2012,2,T20I,India in Australia T20I Series,2011/12,India,Australia,Stadium Australia,Sydney,Australia,AWAY,India,field,Australia,LOST,31 runs,True,False,
518955,2012-02-03,2012,2,T20I,India in Australia T20I Series,2011/12,India,Australia,Melbourne Cricket Ground,,Australia,AWAY,Australia,bat,India,WON,8 wickets,True,False,
518956,2012-02-05,2012,2,ODI,Commonwealth Bank Series,2011/12,India,Australia,Melbourne Cricket Ground,,Australia,AWAY,India,field,Australia,LOST,65 runs,True,False,
518957,2012-02-08,2012,2,ODI,Commonwealth Bank Series,2011/12,India,Sri Lanka,Western Australia Cricket Association Ground,Perth,Australia,NEUTRAL,Sri Lanka,bat,India,WON,4 wickets,True,False,
518959,2012-02-12,2012,2,ODI,Commonwealth Bank Series,2011/12,India,Australia,Adelaide Oval,,Australia,AWAY,Australia,bat,India,WON,4 wickets,True,False,
518960,2012-02-14,2012,2,ODI,Commonwealth Bank Series,2011/12,India,Sri Lanka,Adelaide Oval,,Australia,NEUTRAL,Sri Lanka,bat,,TIED,,True,True,
518962,2012-02-19,2012,2,ODI,Commonwealth Bank Series,2011/12,India,Australia,"Brisbane Cricket Ground, Woolloongabba",Brisbane,Australia,AWAY,Australia,bat,Australia,LOST,110 runs,True,False,
518965,2012-02-26,2012,2,ODI,Commonwealth Bank Series,2011/12,India,Australia,Sydney Cricket Ground,,Australia,AWAY,Australia,bat,Australia,LOST,87 runs,True,False,
518966,2012-02-28,2012,2,ODI,Commonwealth Bank Series,2011/12,India,Sri Lanka,Bellerive Oval,Hobart,Australia,NEUTRAL,India,field,India,WON,7 wickets,True,False,
535795,2012-03-13,2012,3,ODI,Asia Cup,2011/12,India,Sri Lanka,Shere Bangla National Stadium,Mirpur,Pakistan,NEUTRAL,Sri Lanka,field,India,WON,50 runs,True,False,
535797,2012-03-16,2012,3,ODI,Asia Cup,2011/12,India,Bangladesh,Shere Bangla National Stadium,Mirpur,Pakistan,NEUTRAL,Bangladesh,field,Bangladesh,LOST,5 wickets,True,False,
535798,2012-03-18,2012,3,ODI,Asia Cup,2011/12,India,Pakistan,Shere Bangla National Stadium,Mirpur,Pakistan,AWAY,Pakistan,bat,India,WON,6 wickets,True,False,
556252,2012-03-30,2012,3,T20I,T20I Series,2011/12,India,South Africa,New Wanderers Stadium,Johannesburg,South Africa,AWAY,India,field,South Africa,LOST,11 runs,True,False,
548306,2012-04-04,2012,4,IPL,Indian Premier League,2012,Chennai Super Kings,Mumbai Indians,"MA Chidambaram Stadium, Chepauk",Chennai,India,HOME,Mumbai Indians,field,Mumbai Indians,LOST,8 wickets,True,False,
548311,2012-04-07,2012,4,IPL,Indian Premier League,2012,Chennai Super Kings,Deccan Chargers,Dr. Y.S. Rajasekhara Reddy ACA-VDCA Cricket Stadium,Visakhapatnam,India,AWAY,Deccan Chargers,field,Chennai Super Kings,WON,74 runs,True,False,
548316,2012-04-10,2012,4,IPL,Indian Premier League,2012,Chennai Super Kings,Delhi Daredevils,Feroz Shah Kotla,Delhi,India,AWAY,Delhi Daredevils,field,Delhi Daredevils,LOST,8 wickets,True,False,
548318,2012-04-12,2012,4,IPL,Indian Premier League,2012,Chennai Super Kings,Royal Challengers Bangalore,"MA Chidambaram Stadium, Chepauk",Chennai,India,HOME,Royal Challengers Bangalore,bat,Chennai Super Kings,WON,5 wickets,True,False,
548322,2012-04-14,2012,4,IPL,Indian Premier League,2012,Chennai Super Kings,Pune Warriors,Subrata Roy Sahara Stadium,Pune,India,AWAY,Chennai Super Kings,bat,Pune Warriors,LOST,7 wickets,True,False,
548330,2012-04-19,2012,4,IPL,Indian Premier League,2012,Chennai Super Kings,Pune Warriors,"MA Chidambaram Stadium, Chepauk",Chennai,India,HOME,Pune Warriors,field,Chennai Super Kings,WON,13 runs,True,False,
548332,2012-04-21,2012,4,IPL,Indian Premier League,2012,Chennai Super Kings,Rajasthan Royals,"MA Chidambaram Stadium, Chepauk",Chennai,India,HOME,Rajasthan Royals,bat,Chennai Super Kings,WON,7 wickets,True,False,
548343,2012-04-28,2012,4,IPL,Indian Premier League,2012,Chennai Super Kings,Kings XI Punjab,"MA Chidambaram Stadium, Chepauk",Chennai,India,HOME,Kings XI Punjab,bat,Kings XI Punjab,LOST,7 runs,True,False,
548347,2012-04-30,2012,4,IPL,Indian Premier League,2012,Chennai Super Kings,Kolkata Knight Riders,"MA Chidambaram Stadium, Chepauk",Chennai,India,HOME,Chennai Super Kings,bat,Kolkata Knight Riders,LOST,5 wickets,True,False,
548352,2012-05-04,2012,5,IPL,Indian Premier League,2012,Chennai Super Kings,Deccan Chargers,"MA Chidambaram Stadium, Chepauk",Chennai,India,HOME,Chennai Super Kings,bat,Chennai Super Kings,WON,10 runs,True,False,
548355,2012-05-06,2012,5,IPL,Indian Premier League,2012,Chennai Super Kings,Mumbai Indians,Wankhede Stadium,Mumbai,India,AWAY,Mumbai Indians,field,Mumbai Indians,LOST,2 wickets,True,False,
548361,2012-05-10,2012,5,IPL,Indian Premier League,2012,Chennai Super Kings,Rajasthan Royals,Sawai Mansingh Stadium,Jaipur,India,AWAY,Chennai Super Kings,field,Chennai Super Kings,WON,4 wickets,True,False,
548364,2012-05-12,2012,5,IPL,Indian Premier League,2012,Chennai Super Kings,Delhi Daredevils,"MA Chidambaram Stadium, Chepauk",Chennai,India,HOME,Chennai Super Kings,field,Chennai Super Kings,WON,9 wickets,True,False,
548368,2012-05-14,2012,5,IPL,Indian Premier League,2012,Chennai Super Kings,Kolkata Knight Riders,Eden Gardens,Kolkata,India,AWAY,Chennai Super Kings,field,Chennai Super Kings,WON,5 wickets,True,False,
548371,2012-05-17,2012,5,IPL,Indian Premier League,2012,Chennai Super Kings,Kings XI Punjab,Himachal Pradesh Cricket Association Stadium,Dharamsala,India,AWAY,Kings XI Punjab,field,Kings XI Punjab,LOST,6 wickets,True,False,
548379,2012-05-23,2012,5,IPL,Indian Premier League,2012,Chennai Super Kings,Mumbai Indians,M Chinnaswamy Stadium,Bangalore,India,AWAY,Mumbai Indians,field,Chennai Super Kings,WON,38 runs,True,True,Elimination Final
548380,2012-05-25,2012,5,IPL,Indian Premier League,2012,Chennai Super Kings,Delhi Daredevils,"MA Chidambaram Stadium, Chepauk",Chennai,India,HOME,Delhi Daredevils,field,Chennai Super Kings,WON,86 runs,True,False,Qualifier 2
548381,2012-05-27,2012,5,IPL,Indian Premier League,2012,Chennai Super Kings,Kolkata Knight Riders,"MA Chidambaram Stadium, Chepauk",Chennai,India,HOME,Chennai Super Kings,bat,Kolkata Knight Riders,LOST,5 wickets,True,False,Final
564781,2012-07-21,2012,7,ODI,India in Sri Lanka ODI Series,2012,India,Sri Lanka,"Mahinda Rajapaksa International Cricket Stadium, Sooriyawewa",Hambantota,Unknown,NEUTRAL,India,bat,India,WON,21 runs,True,False,
564782,2012-07-24,2012,7,ODI,India in Sri Lanka ODI Series,2012,India,Sri Lanka,"Mahinda Rajapaksa International Cricket Stadium, Sooriyawewa",Hambantota,Unknown,NEUTRAL,India,bat,Sri Lanka,LOST,9 wickets,True,False,
564783,2012-07-28,2012,7,ODI,India in Sri Lanka ODI Series,2012,India,Sri Lanka,R Premadasa Stadium,Colombo,Sri Lanka,AWAY,Sri Lanka,bat,India,WON,5 wickets,True,False,
564784,2012-07-31,2012,7,ODI,India in Sri Lanka ODI Series,2012,India,Sri Lanka,R Premadasa Stadium,Colombo,Sri Lanka,AWAY,Sri Lanka,bat,India,WON,6 wickets,True,False,
564785,2012-08-04,2012,8,ODI,India in Sri Lanka ODI Series,2012,India,Sri Lanka,Pallekele International Cricket Stadium,,Sri Lanka,AWAY,India,bat,India,WON,20 runs,True,False,
564786,2012-08-07,2012,8,T20I,T20I Series,2012,India,Sri Lanka,Pallekele International Cricket Stadium,,Sri Lanka,AWAY,Sri Lanka,field,India,WON,39 runs,True,False,
565817,2012-08-23,2012,8,TEST,Test Series,2012,India,New Zealand,"Rajiv Gandhi International Stadium, Uppal",Hyderabad,India,HOME,India,bat,India,WON,115 runs,True,False,
565818,2012-08-31,2012,8,TEST,Test Series,2012,India,New Zealand,M Chinnaswamy Stadium,Bangalore,India,HOME,New Zealand,bat,India,WON,5 wickets,True,False,
565820,2012-09-11,2012,9,T20I,New Zealand in India T20I Series,2012,India,New Zealand,"MA Chidambaram Stadium, Chepauk",Chennai,India,HOME,India,field,New Zealand,LOST,1 runs,True,False,
533281,2012-09-23,2012,9,T20I,ICC World Twenty20,2012/13,India,England,R Premadasa Stadium,Colombo,Sri Lanka,NEUTRAL,England,field,India,WON,90 runs,True,False,
533287,2012-09-28,2012,9,T20I,ICC World Twenty20,2012/13,India,Australia,R Premadasa Stadium,Colombo,Sri Lanka,NEUTRAL,India,bat,Australia,LOST,9 wickets,True,False,
533291,2012-09-30,2012,9,T20I,ICC World Twenty20,2012/13,India,Pakistan,R Premadasa Stadium,Colombo,Sri Lanka,NEUTRAL,Pakistan,bat,India,WON,8 wickets,True,False,
533295,2012-10-02,2012,10,T20I,ICC World Twenty20,2012/13,India,South Africa,R Premadasa Stadium,Colombo,Sri Lanka,NEUTRAL,South Africa,field,India,WON,1 runs,True,False,
565806,2012-11-15,2012,11,TEST,Test Series,2012/13,India,England,"Sardar Patel Stadium, Motera",Ahmedabad,India,HOME,India,bat,India,WON,9 wickets,True,False,
565807,2012-11-23,2012,11,TEST,Test Series,2012/13,India,England,Wankhede Stadium,Mumbai,India,HOME,India,bat,England,LOST,10 wickets,True,False,
565808,2012-12-05,2012,12,TEST,Test Series,2012/13,India,England,Eden Gardens,Kolkata,India,HOME,India,bat,England,LOST,7 wickets,True,False,
565809,2012-12-13,2012,12,TEST,Test Series,2012/13,India,England,"Vidarbha Cricket Association Stadium, Jamtha",Nagpur,India,HOME,England,bat,,DRAWN,,True,False,
565810,2012-12-20,2012,12,T20I,England in India T20I Series,2012/13,India,England,Subrata Roy Sahara Stadium,Pune,India,HOME,India,field,India,WON,5 wickets,True,False,
565811,2012-12-22,2012,12,T20I,England in India T20I Series,2012/13,India,England,Wankhede Stadium,Mumbai,India,HOME,England,field,England,LOST,6 wickets,True,False,
589306,2012-12-25,2012,12,T20I,Pakistan in India T20I Series,2012/13,India,Pakistan,M Chinnaswamy Stadium,Bangalore,India,HOME,Pakistan,field,Pakistan,LOST,5 wickets,True,False,
589307,2012-12-28,2012,12,T20I,Pakistan in India T20I Series,2012/13,India,Pakistan,"Sardar Patel Stadium, Motera",Ahmedabad,India,HOME,Pakistan,field,India,WON,11 runs,True,False,
589308,2012-12-30,2012,12,ODI,Pakistan in India ODI Series,2012/13,India,Pakistan,"MA Chidambaram Stadium, Chepauk",Chennai,India,HOME,Pakistan,field,Pakistan,LOST,6 wickets,True,True,
589309,2013-01-03,2013,1,ODI,Pakistan in India ODI Series,2012/13,India,Pakistan,Eden Gardens,Kolkata,India,HOME,India,field,Pakistan,LOST,85 runs,True,False,
589310,2013-01-06,2013,1,ODI,Pakistan in India ODI Series,2012/13,India,Pakistan,Feroz Shah Kotla,Delhi,India,HOME,India,bat,India,WON,10 runs,True,True,
565812,2013-01-11,2013,1,ODI,England in India ODI Series,2012/13,India,England,Saurashtra Cricket Association Stadium,Rajkot,India,HOME,England,bat,England,LOST,9 runs,True,False,
565813,2013-01-15,2013,1,ODI,England in India ODI Series,2012/13,India,England,Nehru Stadium,Kochi,India,HOME,India,bat,India,WON,127 runs,True,False,
565814,2013-01-19,2013,1,ODI,England in India ODI Series,2012/13,India,England,JSCA International Stadium Complex,Ranchi,India,HOME,India,field,India,WON,7 wickets,True,False,
565815,2013-01-23,2013,1,ODI,England in India ODI Series,2012/13,India,England,"Punjab Cricket Association Stadium, Mohali",Chandigarh,India,HOME,India,field,India,WON,5 wickets,True,False,
565816,2013-01-27,2013,1,ODI,England in India ODI Series,2012/13,India,England,Himachal Pradesh Cricket Association Stadium,Dharamsala,India,HOME,England,field,England,LOST,7 wickets,True,False,
598812,2013-02-22,2013,2,TEST,Test Series,2012/13,India,Australia,"MA Chidambaram Stadium, Chepauk",Chennai,India,HOME,Australia,bat,India,WON,8 wickets,True,True,
598813,2013-03-02,2013,3,TEST,Test Series,2012/13,India,Australia,"Rajiv Gandhi International Stadium, Uppal",Hyderabad,India,HOME,Australia,bat,India,WON,135 runs,True,False,
598814,2013-03-14,2013,3,TEST,Test Series,2012/13,India,Australia,"Punjab Cricket Association Stadium, Mohali",Chandigarh,India,HOME,Australia,bat,India,WON,6 wickets,True,False,
598815,2013-03-22,2013,3,TEST,Test Series,2012/13,India,Australia,Feroz Shah Kotla,Delhi,India,HOME,Australia,bat,India,WON,6 wickets,True,False,
598002,2013-04-06,2013,4,IPL,Indian Premier League,2013,Chennai Super Kings,Mumbai Indians,"MA Chidambaram Stadium, Chepauk",Chennai,India,HOME,Mumbai Indians,bat,Mumbai Indians,LOST,9 runs,True,False,
598007,2013-04-10,2013,4,IPL,Indian Premier League,2013,Chennai Super Kings,Kings XI Punjab,"Punjab Cricket Association Stadium, Mohali",Chandigarh,India,AWAY,Chennai Super Kings,field,Chennai Super Kings,WON,10 wickets,True,False,
598012,2013-04-13,2013,4,IPL,Indian Premier League,2013,Chennai Super Kings,Royal Challengers Bangalore,"MA Chidambaram Stadium, Chepauk",Chennai,India,HOME,Chennai Super Kings,field,Chennai Super Kings,WON,4 wickets,True,False,
598015,2013-04-15,2013,4,IPL,Indian Premier League,2013,Chennai Super Kings,Pune Warriors,"MA Chidambaram Stadium, Chepauk",Chennai,India,HOME,Pune Warriors,bat,Pune Warriors,LOST,24 runs,True,False,
598020,2013-04-18,2013,4,IPL,Indian Premier League,2013,Chennai Super Kings,Delhi Daredevils,Feroz Shah Kotla,Delhi,India,AWAY,Chennai Super Kings,bat,Chennai Super Kings,WON,86 runs,True,False,
598022,2013-04-20,2013,4,IPL,Indian Premier League,2013,Chennai Super Kings,Kolkata Knight Riders,Eden Gardens,Kolkata,India,AWAY,Kolkata Knight Riders,bat,Chennai Super Kings,WON,4 wickets,True,False,
598026,2013-04-22,2013,4,IPL,Indian Premier League,2013,Chennai Super Kings,Rajasthan Royals,"MA Chidambaram Stadium, Chepauk",Chennai,India,HOME,Rajasthan Royals,bat,Chennai Super Kings,WON,5 wickets,True,False,
598030,2013-04-25,2013,4,IPL,Indian Premier League,2013,Chennai Super Kings,Sunrisers Hyderabad,"MA Chidambaram Stadium, Chepauk",Chennai,India,HOME,Sunrisers Hyderabad,bat,Chennai Super Kings,WON,5 wickets,True,True,
598034,2013-04-28,2013,4,IPL,Indian Premier League,2013,Chennai Super Kings,Kolkata Knight Riders,"MA Chidambaram Stadium, Chepauk",Chennai,India,HOME,Kolkata Knight Riders,field,Chennai Super Kings,WON,14 runs,True,False,
598038,2013-04-30,2013,4,IPL,Indian Premier League,2013,Chennai Super Kings,Pune Warriors,Subrata Roy Sahara Stadium,Pune,India,AWAY,Chennai Super Kings,bat,Chennai Super Kings,WON,37 runs,True,True,
598041,2013-05-02,2013,5,IPL,Indian Premier League,2013,Chennai Super Kings,Kings XI Punjab,"MA Chidambaram Stadium, Chepauk",Chennai,India,HOME,Chennai Super Kings,bat,Chennai Super Kings,WON,15 runs,True,False,
598046,2013-05-05,2013,5,IPL,Indian Premier League,2013,Chennai Super Kings,Mumbai Indians,Wankhede Stadium,Mumbai,India,AWAY,Mumbai Indians,bat,Mumbai Indians,LOST,60 runs,True,False,
598051,2013-05-08,2013,5,IPL,Indian Premier League,2013,Chennai Super Kings,Sunrisers Hyderabad,"Rajiv Gandhi International Stadium, Uppal",Hyderabad,India,AWAY,Sunrisers Hyderabad,field,Chennai Super Kings,WON,77 runs,True,False,
598058,2013-05-12,2013,5,IPL,Indian Premier League,2013,Chennai Super Kings,Rajasthan Royals,Sawai Mansingh Stadium,Jaipur,India,AWAY,Rajasthan Royals,field,Rajasthan Royals,LOST,5 wickets,True,False,
598062,2013-05-14,2013,5,IPL,Indian Premier League,2013,Chennai Super Kings,Delhi Daredevils,"MA Chidambaram Stadium, Chepauk",Chennai,India,HOME,Chennai Super Kings,bat,Chennai Super Kings,WON,33 runs,True,True,
598068,2013-05-18,2013,5,IPL,Indian Premier League,2013,Chennai Super Kings,Royal Challengers Bangalore,M Chinnaswamy Stadium,Bangalore,India,AWAY,Chennai Super Kings,field,Royal Challengers Bangalore,LOST,24 runs,True,False,
598070,2013-05-21,2013,5,IPL,Indian Premier League,2013,Chennai Super Kings,Mumbai Indians,Feroz Shah Kotla,Delhi,India,AWAY,Chennai Super Kings,bat,Chennai Super Kings,WON,48 runs,True,False,Qualifier 1
598073,2013-05-26,2013,5,IPL,Indian Premier League,2013,Chennai Super Kings,Mumbai Indians,Eden Gardens,Kolkata,India,AWAY,Mumbai Indians,bat,Mumbai Indians,LOST,23 runs,True,False,Final
578614,2013-06-06,2013,6,ODI,ICC Champions Trophy,2013,India,South Africa,Sophia Gardens,Cardiff,England,NEUTRAL,South Africa,field,India,WON,26 runs,True,False,
578619,2013-06-11,2013,6,ODI,ICC Champions Trophy,2013,India,West Indies,Kennington Oval,London,England,NEUTRAL,India,field,India,WON,8 wickets,True,False,
578623,2013-06-15,2013,6,ODI,ICC Champions Trophy,2013,India,Pakistan,Edgbaston,Birmingham,England,NEUTRAL,India,field,India,WON,8 wickets,True,False,
566947,2013-06-20,2013,6,ODI,ICC Champions Trophy,2013,India,Sri Lanka,Sophia Gardens,Cardiff,England,NEUTRAL,India,field,India,WON,8 wickets,True,False,Semi Final
566948,2013-06-23,2013,6,ODI,ICC Champions Trophy,2013,India,England,Edgbaston,Birmingham,England,AWAY,England,field,India,WON,5 runs,True,False,Final
597924,2013-06-30,2013,6,ODI,West Indies Tri-Nation Series,2013,India,West Indies,"Sabina Park, Kingston",Jamaica,Jamaica,AWAY,West Indies,field,West Indies,LOST,1 wickets,True,False,
597929,2013-07-11,2013,7,ODI,West Indies Tri-Nation Series,2013,India,Sri Lanka,"Queen's Park Oval, Port of Spain",Trinidad,Trinidad and Tobago,NEUTRAL,India,field,India,WON,1 wickets,True,True,Final
647247,2013-10-10,2013,10,T20I,T20I Series,2013/14,India,Australia,Saurashtra Cricket Association Stadium,Rajkot,India,HOME,India,field,India,WON,6 wickets,True,False,
647249,2013-10-13,2013,10,ODI,Australia in India ODI Series,2013/14,India,Australia,Maharashtra Cricket Association Stadium,Pune,India,HOME,Australia,bat,Australia,LOST,72 runs,True,False,
647251,2013-10-16,2013,10,ODI,Australia in India ODI Series,2013/14,India,Australia,Sawai Mansingh Stadium,Jaipur,India,HOME,Australia,bat,India,WON,9 wickets,True,False,
647253,2013-10-19,2013,10,ODI,Australia in India ODI Series,2013/14,India,Australia,"Punjab Cricket Association Stadium, Mohali",Chandigarh,India,HOME,Australia,field,Australia,LOST,4 wickets,True,False,
647255,2013-10-23,2013,10,ODI,Australia in India ODI Series,2013/14,India,Australia,JSCA International Stadium Complex,Ranchi,India,HOME,India,field,,NO_RESULT,,True,False,
647259,2013-10-30,2013,10,ODI,Australia in India ODI Series,2013/14,India,Australia,"Vidarbha Cricket Association Stadium, Jamtha",Nagpur,India,HOME,India,field,India,WON,6 wickets,True,False,
647261,2013-11-02,2013,11,ODI,Australia in India ODI Series,2013/14,India,Australia,M Chinnaswamy Stadium,Bangalore,India,HOME,Australia,field,India,WON,57 runs,True,False,
676525,2013-11-06,2013,11,TEST,Test Series,2013/14,India,West Indies,Eden Gardens,Kolkata,India,HOME,West Indies,bat,India,WON,51 runs,True,False,
676527,2013-11-14,2013,11,TEST,Test Series,2013/14,India,West Indies,Wankhede Stadium,Mumbai,India,HOME,India,field,India,WON,126 runs,True,False,
676529,2013-11-21,2013,11,ODI,West Indies in India ODI Series,2013/14,India,West Indies,Nehru Stadium,Kochi,India,HOME,West Indies,bat,India,WON,6 wickets,True,False,
676531,2013-11-24,2013,11,ODI,West Indies in India ODI Series,2013/14,India,West Indies,Dr. Y.S. Rajasekhara Reddy ACA-VDCA Cricket Stadium,Visakhapatnam,India,HOME,West Indies,field,West Indies,LOST,2 wickets,True,False,
676533,2013-11-27,2013,11,ODI,West Indies in India ODI Series,2013/14,India,West Indies,Green Park,Kanpur,India,HOME,India,field,India,WON,5 wickets,True,False,
648651,2013-12-05,2013,12,ODI,India in South Africa ODI Series,2013/14,India,South Africa,New Wanderers Stadium,Johannesburg,South Africa,AWAY,India,field,South Africa,LOST,141 runs,True,False,
648653,2013-12-08,2013,12,ODI,India in South Africa ODI Series,2013/14,India,South Africa,Kingsmead,Durban,South Africa,AWAY,India,field,South Africa,LOST,134 runs,True,False,
648655,2013-12-11,2013,12,ODI,India in South Africa ODI Series,2013/14,India,South Africa,SuperSport Park,Centurion,South Africa,AWAY,South Africa,bat,,NO_RESULT,,True,False,
648665,2013-12-18,2013,12,TEST,Test Series,2013/14,India,South Africa,New Wanderers Stadium,Johannesburg,South Africa,AWAY,India,bat,,DRAWN,,True,False,
648667,2013-12-26,2013,12,TEST,Test Series,2013/14,India,South Africa,Kingsmead,Durban,South Africa,AWAY,India,bat,South Africa,LOST,10 wickets,True,False,
667641,2014-01-19,2014,1,ODI,India in New Zealand ODI Series,2013/14,India,New Zealand,McLean Park,Napier,New Zealand,AWAY,India,field,New Zealand,LOST,24 runs,True,False,
667643,2014-01-22,2014,1,ODI,India in New Zealand ODI Series,2013/14,India,New Zealand,Seddon Park,Hamilton,New Zealand,AWAY,India,field,New Zealand,LOST,15 runs,True,False,
667645,2014-01-25,2014,1,ODI,India in New Zealand ODI Series,2013/14,India,New Zealand,Eden Park,Auckland,New Zealand,AWAY,India,field,,TIED,,True,False,
667647,2014-01-28,2014,1,ODI,India in New Zealand ODI Series,2013/14,India,New Zealand,Seddon Park,Hamilton,New Zealand,AWAY,India,bat,New Zealand,LOST,7 wickets,True,False,
667649,2014-01-31,2014,1,ODI,India in New Zealand ODI Series,2013/14,India,New Zealand,Westpac Stadium,Wellington,New Zealand,AWAY,India,field,New Zealand,LOST,87 runs,True,False,
667651,2014-02-06,2014,2,TEST,Test Series,2013/14,India,New Zealand,Eden Park,Auckland,New Zealand,AWAY,India,field,New Zealand,LOST,40 runs,True,False,
667653,2014-02-14,2014,2,TEST,Test Series,2013/14,India,New Zealand,Basin Reserve,Wellington,New Zealand,AWAY,India,field,,DRAWN,,True,False,
682921,2014-03-21,2014,3,T20I,World T20,2013/14,India,Pakistan,Shere Bangla National Stadium,Mirpur,Pakistan,AWAY,India,field,India,WON,7 wickets,True,False,
682929,2014-03-23,2014,3,T20I,World T20,2013/14,India,West Indies,Shere Bangla National Stadium,Mirpur,Pakistan,NEUTRAL,India,field,India,WON,7 wickets,True,False,
682943,2014-03-28,2014,3,T20I,World T20,2013/14,India,Bangladesh,Shere Bangla National Stadium,Mirpur,Pakistan,NEUTRAL,India,field,India,WON,8 wickets,True,False,
682951,2014-03-30,2014,3,T20I,World T20,2013/14,India,Australia,Shere Bangla National Stadium,Mirpur,Pakistan,NEUTRAL,Australia,field,India,WON,73 runs,True,False,
682963,2014-04-04,2014,4,T20I,World T20,2013/14,India,South Africa,Shere Bangla National Stadium,Mirpur,Pakistan,NEUTRAL,South Africa,bat,India,WON,6 wickets,True,False,Semi Final
682965,2014-04-06,2014,4,T20I,World T20,2013/14,India,Sri Lanka,Shere Bangla National Stadium,Mirpur,Pakistan,NEUTRAL,Sri Lanka,field,Sri Lanka,LOST,6 wickets,True,False,Final
729283,2014-04-18,2014,4,IPL,Indian Premier League,2014,Chennai Super Kings,Kings XI Punjab,Sheikh Zayed Stadium,Abu Dhabi,United Arab Emirates,NEUTRAL,Chennai Super Kings,bat,Kings XI Punjab,LOST,6 wickets,True,False,
729293,2014-04-21,2014,4,IPL,Indian Premier League,2014,Chennai Super Kings,Delhi Daredevils,Sheikh Zayed Stadium,Abu Dhabi,United Arab Emirates,NEUTRAL,Chennai Super Kings,bat,Chennai Super Kings,WON,93 runs,True,False,
729297,2014-04-23,2014,4,IPL,Indian Premier League,2014,Chennai Super Kings,Rajasthan Royals,Dubai International Cricket Stadium,,United Arab Emirates,NEUTRAL,Rajasthan Royals,field,Chennai Super Kings,WON,7 runs,True,False,
729303,2014-04-25,2014,4,IPL,Indian Premier League,2014,Chennai Super Kings,Mumbai Indians,Dubai International Cricket Stadium,,United Arab Emirates,NEUTRAL,Mumbai Indians,bat,Chennai Super Kings,WON,7 wickets,True,False,
729311,2014-04-27,2014,4,IPL,Indian Premier League,2014,Chennai Super Kings,Sunrisers Hyderabad,Sharjah Cricket Stadium,,United Arab Emirates,NEUTRAL,Sunrisers Hyderabad,bat,Chennai Super Kings,WON,5 wickets,True,False,
733971,2014-05-02,2014,5,IPL,Indian Premier League,2014,Chennai Super Kings,Kolkata Knight Riders,JSCA International Stadium Complex,Ranchi,India,AWAY,Chennai Super Kings,bat,Chennai Super Kings,WON,34 runs,True,False,
733981,2014-05-05,2014,5,IPL,Indian Premier League,2014,Chennai Super Kings,Delhi Daredevils,Feroz Shah Kotla,Delhi,India,AWAY,Chennai Super Kings,field,Chennai Super Kings,WON,8 wickets,True,False,
733987,2014-05-07,2014,5,IPL,Indian Premier League,2014,Chennai Super Kings,Kings XI Punjab,Barabati Stadium,Cuttack,India,AWAY,Chennai Super Kings,field,Kings XI Punjab,LOST,44 runs,True,False,
733995,2014-05-10,2014,5,IPL,Indian Premier League,2014,Chennai Super Kings,Mumbai Indians,Wankhede Stadium,Mumbai,India,AWAY,Chennai Super Kings,field,Chennai Super Kings,WON,4 wickets,True,False,
734003,2014-05-13,2014,5,IPL,Indian Premier League,2014,Chennai Super Kings,Rajasthan Royals,JSCA International Stadium Complex,Ranchi,India,AWAY,Rajasthan Royals,bat,Chennai Super Kings,WON,5 wickets,True,False,
734013,2014-05-18,2014,5,IPL,Indian Premier League,2014,Chennai Super Kings,Royal Challengers Bangalore,JSCA International Stadium Complex,Ranchi,India,AWAY,Chennai Super Kings,bat,Royal Challengers Bangalore,LOST,5 wickets,True,False,
734023,2014-05-20,2014,5,IPL,Indian Premier League,2014,Chennai Super Kings,Kolkata Knight Riders,Eden Gardens,Kolkata,India,AWAY,Kolkata Knight Riders,field,Kolkata Knight Riders,LOST,8 wickets,True,False,
734029,2014-05-22,2014,5,IPL,Indian Premier League,2014,Chennai Super Kings,Sunrisers Hyderabad,JSCA International Stadium Complex,Ranchi,India,AWAY,Sunrisers Hyderabad,field,Sunrisers Hyderabad,LOST,6 wickets,True,False,
734035,2014-05-24,2014,5,IPL,Indian Premier League,2014,Chennai Super Kings,Royal Challengers Bangalore,M Chinnaswamy Stadium,Bangalore,India,AWAY,Chennai Super Kings,field,Chennai Super Kings,WON,8 wickets,True,True,
734045,2014-05-28,2014,5,IPL,Indian Premier League,2014,Chennai Super Kings,Mumbai Indians,Brabourne Stadium,Mumbai,India,AWAY,Chennai Super Kings,field,Chennai Super Kings,WON,7 wickets,True,False,Eliminator
734047,2014-05-30,2014,5,IPL,Indian Premier League,2014,Chennai Super Kings,Kings XI Punjab,Wankhede Stadium,Mumbai,India,AWAY,Chennai Super Kings,field,Kings XI Punjab,LOST,24 runs,True,False,Qualifier 2
667711,2014-07-09,2014,7,TEST,Test Series,2014,India,England,Trent Bridge,Nottingham,England,AWAY,India,bat,,DRAWN,,True,False,
667713,2014-07-17,2014,7,TEST,Test Series,2014,India,England,Lord's,London,England,AWAY,England,field,India,WON,95 runs,True,False,
667715,2014-07-27,2014,7,TEST,Test Series,2014,India,England,The Rose Bowl,Southampton,England,AWAY,England,bat,England,LOST,266 runs,True,False,
667717,2014-08-07,2014,8,TEST,Test Series,2014,India,England,Old Trafford,Manchester,England,AWAY,India,bat,England,LOST,54 runs,True,False,
667719,2014-08-15,2014,8,TEST,Test Series,2014,India,England,Kennington Oval,London,England,AWAY,England,field,England,LOST,244 runs,True,False,
667723,2014-08-27,2014,8,ODI,India in England ODI Series,2014,India,England,Sophia Gardens,Cardiff,England,AWAY,England,field,India,WON,133 runs,True,False,
667725,2014-08-30,2014,8,ODI,India in England ODI Series,2014,India,England,Trent Bridge,Nottingham,England,AWAY,India,field,India,WON,6 wickets,True,False,
667727,2014-09-02,2014,9,ODI,India in England ODI Series,2014,India,England,Edgbaston,Birmingham,England,AWAY,India,field,India,WON,9 wickets,True,False,
667729,2014-09-05,2014,9,ODI,India in England ODI Series,2014,India,England,Headingley,Leeds,England,AWAY,India,field,England,LOST,41 runs,True,False,
667731,2014-09-07,2014,9,T20I,T20I Series,2014,India,England,Edgbaston,Birmingham,England,AWAY,England,bat,England,LOST,3 runs,True,False,
770121,2014-10-08,2014,10,ODI,West Indies in India ODI Series,2014/15,India,West Indies,Nehru Stadium,Kochi,India,HOME,India,field,West Indies,LOST,124 runs,True,False,
770123,2014-10-11,2014,10,ODI,West Indies in India ODI Series,2014/15,India,West Indies,Feroz Shah Kotla,Delhi,India,HOME,India,bat,India,WON,48 runs,True,False,
770127,2014-10-17,2014,10,ODI,West Indies in India ODI Series,2014/15,India,West Indies,Himachal Pradesh Cricket Association Stadium,Dharmasala,India,HOME,West Indies,field,India,WON,59 runs,True,False,
754739,2014-12-17,2014,12,TEST,Test Series,2014/15,India,Australia,"Brisbane Cricket Ground, Woolloongabba",Brisbane,Australia,AWAY,India,bat,Australia,LOST,4 wickets,True,False,
754741,2014-12-26,2014,12,TEST,Test Series,2014/15,India,Australia,Melbourne Cricket Ground,,Australia,AWAY,Australia,bat,,DRAWN,,True,False,
754749,2015-01-18,2015,1,ODI,Carlton Mid One-Day International Tri-Series,2014/15,India,Australia,Melbourne Cricket Ground,,Australia,AWAY,India,bat,Australia,LOST,4 wickets,True,False,
754753,2015-01-20,2015,1,ODI,Carlton Mid One-Day International Tri-Series,2014/15,India,England,"Brisbane Cricket Ground, Woolloongabba",Brisbane,Australia,NEUTRAL,India,bat,England,LOST,9 wickets,True,False,
754757,2015-01-26,2015,1,ODI,Carlton Mid One-Day International Tri-Series,2014/15,India,Australia,Sydney Cricket Ground,,Australia,AWAY,Australia,field,,NO_RESULT,,True,False,
754759,2015-01-30,2015,1,ODI,Carlton Mid One-Day International Tri-Series,2014/15,India,England,Western Australia Cricket Association Ground,Perth,Australia,NEUTRAL,England,field,England,LOST,3 wickets,True,False,
656405,2015-02-15,2015,2,ODI,ICC Cricket World Cup,2014/15,India,Pakistan,Adelaide Oval,,Australia,NEUTRAL,India,bat,India,WON,76 runs,True,False,
656423,2015-02-22,2015,2,ODI,ICC Cricket World Cup,2014/15,India,South Africa,Melbourne Cricket Ground,,Australia,NEUTRAL,India,bat,India,WON,130 runs,True,False,
656439,2015-02-28,2015,2,ODI,ICC Cricket World Cup,2014/15,India,United Arab Emirates,Western Australia Cricket Association Ground,Perth,Australia,NEUTRAL,United Arab Emirates,bat,India,WON,9 wickets,True,False,
656453,2015-03-06,2015,3,ODI,ICC Cricket World Cup,2014/15,India,West Indies,Western Australia Cricket Association Ground,Perth,Australia,NEUTRAL,West Indies,bat,India,WON,4 wickets,True,False,
656465,2015-03-10,2015,3,ODI,ICC Cricket World Cup,2014/15,India,Ireland,Seddon Park,Hamilton,New Zealand,NEUTRAL,Ireland,bat,India,WON,8 wickets,True,False,
656475,2015-03-14,2015,3,ODI,ICC Cricket World Cup,2014/15,India,Zimbabwe,Eden Park,Auckland,New Zealand,NEUTRAL,India,field,India,WON,6 wickets,True,False,
656485,2015-03-19,2015,3,ODI,ICC Cricket World Cup,2014/15,India,Bangladesh,Melbourne Cricket Ground,,Australia,NEUTRAL,India,bat,India,WON,109 runs,True,False,Quarter Final
656493,2015-03-26,2015,3,ODI,ICC Cricket World Cup,2014/15,India,Australia,Sydney Cricket Ground,,Australia,AWAY,Australia,bat,Australia,LOST,95 runs,True,False,Semi Final
829707,2015-04-09,2015,4,IPL,Indian Premier League,2015,Chennai Super Kings,Delhi Daredevils,"MA Chidambaram Stadium, Chepauk",Chennai,India,HOME,Delhi Daredevils,field,Chennai Super Kings,WON,1 runs,True,False,
829711,2015-04-11,2015,4,IPL,Indian Premier League,2015,Chennai Super Kings,Sunrisers Hyderabad,"MA Chidambaram Stadium, Chepauk",Chennai,India,HOME,Chennai Super Kings,bat,Chennai Super Kings,WON,45 runs,True,False,
829729,2015-04-17,2015,4,IPL,Indian Premier League,2015,Chennai Super Kings,Mumbai Indians,Wankhede Stadium,Mumbai,India,AWAY,Mumbai Indians,bat,Chennai Super Kings,WON,6 wickets,True,False,
829735,2015-04-19,2015,4,IPL,Indian Premier League,2015,Chennai Super Kings,Rajasthan Royals,"Sardar Patel Stadium, Motera",Ahmedabad,India,AWAY,Chennai Super Kings,bat,Rajasthan Royals,LOST,8 wickets,True,False,
829745,2015-04-22,2015,4,IPL,Indian Premier League,2015,Chennai Super Kings,Royal Challengers Bangalore,M Chinnaswamy Stadium,Bangalore,India,AWAY,Royal Challengers Bangalore,field,Chennai Super Kings,WON,27 runs,True,False,
829753,2015-04-25,2015,4,IPL,Indian Premier League,2015,Chennai Super Kings,Kings XI Punjab,"MA Chidambaram Stadium, Chepauk",Chennai,India,HOME,Chennai Super Kings,bat,Chennai Super Kings,WON,97 runs,True,False,
829765,2015-04-28,2015,4,IPL,Indian Premier League,2015,Chennai Super Kings,Kolkata Knight Riders,"MA Chidambaram Stadium, Chepauk",Chennai,India,HOME,Kolkata Knight Riders,field,Chennai Super Kings,WON,2 runs,True,False,
829723,2015-04-30,2015,4,IPL,Indian Premier League,2015,Chennai Super Kings,Kolkata Knight Riders,Eden Gardens,Kolkata,India,AWAY,Kolkata Knight Riders,field,Kolkata Knight Riders,LOST,7 wickets,True,False,
829773,2015-05-02,2015,5,IPL,Indian Premier League,2015,Chennai Super Kings,Sunrisers Hyderabad,"Rajiv Gandhi International Stadium, Uppal",Hyderabad,India,AWAY,Chennai Super Kings,field,Sunrisers Hyderabad,LOST,22 runs,True,False,
829779,2015-05-04,2015,5,IPL,Indian Premier League,2015,Chennai Super Kings,Royal Challengers Bangalore,"MA Chidambaram Stadium, Chepauk",Chennai,India,HOME,Chennai Super Kings,bat,Chennai Super Kings,WON,24 runs,True,False,
829789,2015-05-08,2015,5,IPL,Indian Premier League,2015,Chennai Super Kings,Mumbai Indians,"MA Chidambaram Stadium, Chepauk",Chennai,India,HOME,Chennai Super Kings,bat,Mumbai Indians,LOST,6 wickets,True,False,
829797,2015-05-10,2015,5,IPL,Indian Premier League,2015,Chennai Super Kings,Rajasthan Royals,"MA Chidambaram Stadium, Chepauk",Chennai,India,HOME,Chennai Super Kings,bat,Chennai Super Kings,WON,12 runs,True,False,
829801,2015-05-12,2015,5,IPL,Indian Premier League,2015,Chennai Super Kings,Delhi Daredevils,Shaheed Veer Narayan Singh International Stadium,Raipur,Pakistan,AWAY,Chennai Super Kings,bat,Delhi Daredevils,LOST,6 wickets,True,False,
829809,2015-05-16,2015,5,IPL,Indian Premier League,2015,Chennai Super Kings,Kings XI Punjab,"Punjab Cricket Association Stadium, Mohali",Chandigarh,India,AWAY,Kings XI Punjab,bat,Chennai Super Kings,WON,7 wickets,True,False,
829817,2015-05-19,2015,5,IPL,Indian Premier League,2015,Chennai Super Kings,Mumbai Indians,Wankhede Stadium,Mumbai,India,AWAY,Mumbai Indians,bat,Mumbai Indians,LOST,25 runs,True,False,Qualifier 1
829821,2015-05-22,2015,5,IPL,Indian Premier League,2015,Chennai Super Kings,Royal Challengers Bangalore,JSCA International Stadium Complex,Ranchi,India,AWAY,Chennai Super Kings,field,Chennai Super Kings,WON,3 wickets,True,False,Qualifier 2
829823,2015-05-24,2015,5,IPL,Indian Premier League,2015,Chennai Super Kings,Mumbai Indians,Eden Gardens,Kolkata,India,AWAY,Chennai Super Kings,field,Mumbai Indians,LOST,41 runs,True,False,Final
870731,2015-06-18,2015,6,ODI,India in Bangladesh ODI Series,2015,India,Bangladesh,Shere Bangla National Stadium,Mirpur,Pakistan,NEUTRAL,Bangladesh,bat,Bangladesh,LOST,79 runs,True,False,
870733,2015-06-21,2015,6,ODI,India in Bangladesh ODI Series,2015,India,Bangladesh,Shere Bangla National Stadium,Mirpur,Pakistan,NEUTRAL,India,bat,Bangladesh,LOST,6 wickets,True,False,
870735,2015-06-24,2015,6,ODI,India in Bangladesh ODI Series,2015,India,Bangladesh,Shere Bangla National Stadium,Mirpur,Pakistan,NEUTRAL,Bangladesh,field,India,WON,77 runs,True,False,
903587,2015-10-02,2015,10,T20I,South Africa in India T20I Series,2015/16,India,South Africa,Himachal Pradesh Cricket Association Stadium,Dharmasala,India,HOME,South Africa,field,South Africa,LOST,7 wickets,True,False,
903589,2015-10-05,2015,10,T20I,South Africa in India T20I Series,2015/16,India,South Africa,Barabati Stadium,Cuttack,India,HOME,South Africa,field,South Africa,LOST,6 wickets,True,False,
903593,2015-10-11,2015,10,ODI,South Africa in India ODI Series,2015/16,India,South Africa,Green Park,Kanpur,India,HOME,South Africa,bat,South Africa,LOST,5 runs,True,False,
903595,2015-10-14,2015,10,ODI,South Africa in India ODI Series,2015/16,India,South Africa,Holkar Cricket Stadium,Indore,India,HOME,India,bat,India,WON,22 runs,True,True,
903597,2015-10-18,2015,10,ODI,South Africa in India ODI Series,2015/16,India,South Africa,Saurashtra Cricket Association Stadium,Rajkot,India,HOME,South Africa,bat,South Africa,LOST,18 runs,True,False,
903599,2015-10-22,2015,10,ODI,South Africa in India ODI Series,2015/16,India,South Africa,"MA Chidambaram Stadium, Chepauk",Chennai,India,HOME,India,bat,India,WON,35 runs,True,False,
903601,2015-10-25,2015,10,ODI,South Africa in India ODI Series,2015/16,India,South Africa,Wankhede Stadium,Mumbai,India,HOME,South Africa,bat,South Africa,LOST,214 runs,True,False,
895807,2016-01-12,2016,1,ODI,India in Australia ODI Series,2015/16,India,Australia,Western Australia Cricket Association Ground,Perth,Australia,AWAY,India,bat,Australia,LOST,5 wickets,True,False,
895809,2016-01-15,2016,1,ODI,India in Australia ODI Series,2015/16,India,Australia,"Brisbane Cricket Ground, Woolloongabba",Brisbane,Australia,AWAY,India,bat,Australia,LOST,7 wickets,True,False,
895811,2016-01-17,2016,1,ODI,India in Australia ODI Series,2015/16,India,Australia,Melbourne Cricket Ground,,Australia,AWAY,Australia,field,Australia,LOST,3 wickets,True,False,
895813,2016-01-20,2016,1,ODI,India in Australia ODI Series,2015/16,India,Australia,Manuka Oval,Canberra,Australia,AWAY,Australia,bat,Australia,LOST,25 runs,True,False,
895815,2016-01-23,2016,1,ODI,India in Australia ODI Series,2015/16,India,Australia,Sydney Cricket Ground,,Australia,AWAY,India,field,India,WON,6 wickets,True,False,
895817,2016-01-26,2016,1,T20I,India in Australia T20I Series,2015/16,India,Australia,Adelaide Oval,,Australia,AWAY,Australia,field,India,WON,37 runs,True,False,
895819,2016-01-29,2016,1,T20I,India in Australia T20I Series,2015/16,India,Australia,Melbourne Cricket Ground,,Australia,AWAY,Australia,field,India,WON,27 runs,True,False,
895821,2016-01-31,2016,1,T20I,India in Australia T20I Series,2015/16,India,Australia,Sydney Cricket Ground,,Australia,AWAY,Australia,bat,India,WON,7 wickets,True,False,
963697,2016-02-09,2016,2,T20I,Sri Lanka in India T20I Series,2015/16,India,Sri Lanka,Maharashtra Cricket Association Stadium,Pune,India,HOME,Sri Lanka,field,Sri Lanka,LOST,5 wickets,True,False,
963699,2016-02-12,2016,2,T20I,Sri Lanka in India T20I Series,2015/16,India,Sri Lanka,JSCA International Stadium Complex,Ranchi,India,HOME,Sri Lanka,field,India,WON,69 runs,True,False,
963701,2016-02-14,2016,2,T20I,Sri Lanka in India T20I Series,2015/16,India,Sri Lanka,Dr. Y.S. Rajasekhara Reddy ACA-VDCA Cricket Stadium,Visakhapatnam,India,HOME,India,field,India,WON,9 wickets,True,False,
966745,2016-02-24,2016,2,T20I,Asia Cup,2015/16,India,Bangladesh,Shere Bangla National Stadium,Dhaka,Pakistan,NEUTRAL,Bangladesh,field,India,WON,45 runs,True,False,
966751,2016-02-27,2016,2,T20I,Asia Cup,2015/16,India,Pakistan,Shere Bangla National Stadium,Mirpur,Pakistan,AWAY,India,field,India,WON,5 wickets,True,False,
966757,2016-03-01,2016,3,T20I,Asia Cup,2015/16,India,Sri Lanka,Shere Bangla National Stadium,Mirpur,Pakistan,NEUTRAL,India,field,India,WON,5 wickets,True,False,
966761,2016-03-03,2016,3,T20I,Asia Cup,2015/16,India,United Arab Emirates,Shere Bangla National Stadium,Mirpur,Pakistan,NEUTRAL,United Arab Emirates,bat,India,WON,9 wickets,True,False,
966765,2016-03-06,2016,3,T20I,Asia Cup,2015/16,India,Bangladesh,Shere Bangla National Stadium,Mirpur,Pakistan,NEUTRAL,India,field,India,WON,8 wickets,True,False,Final
951329,2016-03-15,2016,3,T20I,World T20,2015/16,India,New Zealand,"Vidarbha Cricket Association Stadium, Jamtha",Nagpur,India,HOME,New Zealand,bat,New Zealand,LOST,47 runs,True,False,Super 10
951341,2016-03-19,2016,3,T20I,World T20,2015/16,India,Pakistan,Eden Gardens,Kolkata,India,HOME,India,field,India,WON,6 wickets,True,False,Super 10
951353,2016-03-23,2016,3,T20I,World T20,2015/16,India,Bangladesh,M Chinnaswamy Stadium,Bangalore,India,HOME,Bangladesh,field,India,WON,1 runs,True,False,Super 10
951363,2016-03-27,2016,3,T20I,World T20,2015/16,India,Australia,"Punjab Cricket Association IS Bindra Stadium, Mohali",Chandigarh,Unknown,NEUTRAL,Australia,bat,India,WON,6 wickets,True,False,Super 10
951371,2016-03-31,2016,3,T20I,World T20,2015/16,India,West Indies,Wankhede Stadium,Mumbai,India,HOME,West Indies,field,West Indies,LOST,7 wickets,True,False,Semi Final
980901,2016-04-09,2016,4,IPL,Indian Premier League,2016,Rising Pune Supergiants,Mumbai Indians,Wankhede Stadium,Mumbai,India,AWAY,Mumbai Indians,bat,Rising Pune Supergiants,WON,9 wickets,True,False,
980911,2016-04-14,2016,4,IPL,Indian Premier League,2016,Rising Pune Supergiants,Gujarat Lions,Saurashtra Cricket Association Stadium,Rajkot,India,AWAY,Rising Pune Supergiants,bat,Gujarat Lions,LOST,7 wickets,True,False,
980919,2016-04-17,2016,4,IPL,Indian Premier League,2016,Rising Pune Supergiants,Kings XI Punjab,"Punjab Cricket Association IS Bindra Stadium, Mohali",Chandigarh,Unknown,AWAY,Rising Pune Supergiants,bat,Kings XI Punjab,LOST,6 wickets,True,False,
980931,2016-04-22,2016,4,IPL,Indian Premier League,2016,Rising Pune Supergiants,Royal Challengers Bangalore,Maharashtra Cricket Association Stadium,Pune,India,HOME,Rising Pune Supergiants,field,Royal Challengers Bangalore,LOST,13 runs,True,False,
980939,2016-04-24,2016,4,IPL,Indian Premier League,2016,Rising Pune Supergiants,Kolkata Knight Riders,Maharashtra Cricket Association Stadium,Pune,India,HOME,Kolkata Knight Riders,field,Kolkata Knight Riders,LOST,2 wickets,True,False,
980943,2016-04-26,2016,4,IPL,Indian Premier League,2016,Rising Pune Supergiants,Sunrisers Hyderabad,"Rajiv Gandhi International Stadium, Uppal",Hyderabad,India,AWAY,Rising Pune Supergiants,field,Rising Pune Supergiants,WON,34 runs,True,False,
980949,2016-04-29,2016,4,IPL,Indian Premier League,2016,Rising Pune Supergiants,Gujarat Lions,Maharashtra Cricket Association Stadium,Pune,India,HOME,Gujarat Lions,field,Gujarat Lions,LOST,3 wickets,True,False,
980957,2016-05-01,2016,5,IPL,Indian Premier League,2016,Rising Pune Supergiants,Mumbai Indians,Maharashtra Cricket Association Stadium,Pune,India,HOME,Mumbai Indians,field,Mumbai Indians,LOST,8 wickets,True,False,
980965,2016-05-05,2016,5,IPL,Indian Premier League,2016,Rising Pune Supergiants,Delhi Daredevils,Feroz Shah Kotla,Delhi,India,AWAY,Rising Pune Supergiants,field,Rising Pune Supergiants,WON,7 wickets,True,False,
980969,2016-05-07,2016,5,IPL,Indian Premier League,2016,Rising Pune Supergiants,Royal Challengers Bangalore,M Chinnaswamy Stadium,Bangalore,India,AWAY,Royal Challengers Bangalore,field,Royal Challengers Bangalore,LOST,7 wickets,True,False,
980979,2016-05-10,2016,5,IPL,Indian Premier League,2016,Rising Pune Supergiants,Sunrisers Hyderabad,Dr. Y.S. Rajasekhara Reddy ACA-VDCA Cricket Stadium,Visakhapatnam,India,AWAY,Sunrisers Hyderabad,bat,Sunrisers Hyderabad,LOST,4 runs,True,False,
980989,2016-05-14,2016,5,IPL,Indian Premier League,2016,Rising Pune Supergiants,Kolkata Knight Riders,Eden Gardens,Kolkata,India,AWAY,Rising Pune Supergiants,bat,Kolkata Knight Riders,LOST,8 wickets,True,False,
980997,2016-05-17,2016,5,IPL,Indian Premier League,2016,Rising Pune Supergiants,Delhi Daredevils,Dr. Y.S. Rajasekhara Reddy ACA-VDCA Cricket Stadium,Visakhapatnam,India,AWAY,Rising Pune Supergiants,field,Rising Pune Supergiants,WON,19 runs,True,False,
981005,2016-05-21,2016,5,IPL,Indian Premier League,2016,Rising Pune Supergiants,Kings XI Punjab,Dr. Y.S. Rajasekhara Reddy ACA-VDCA Cricket Stadium,Visakhapatnam,India,AWAY,Kings XI Punjab,bat,Rising Pune Supergiants,WON,4 wickets,True,True,
1007649,2016-06-11,2016,6,ODI,India in Zimbabwe ODI Series,2016,India,Zimbabwe,Harare Sports Club,,Zimbabwe,AWAY,India,field,India,WON,9 wickets,True,False,
1007651,2016-06-13,2016,6,ODI,India in Zimbabwe ODI Series,2016,India,Zimbabwe,Harare Sports Club,,Zimbabwe,AWAY,India,field,India,WON,8 wickets,True,False,
1007653,2016-06-15,2016,6,ODI,India in Zimbabwe ODI Series,2016,India,Zimbabwe,Harare Sports Club,,Zimbabwe,AWAY,Zimbabwe,bat,India,WON,10 wickets,True,False,
1007655,2016-06-18,2016,6,T20I,India in Zimbabwe T20I Series,2016,India,Zimbabwe,Harare Sports Club,,Zimbabwe,AWAY,India,field,Zimbabwe,LOST,2 runs,True,False,
1007657,2016-06-20,2016,6,T20I,India in Zimbabwe T20I Series,2016,India,Zimbabwe,Harare Sports Club,,Zimbabwe,AWAY,Zimbabwe,bat,India,WON,10 wickets,True,False,
1007659,2016-06-22,2016,6,T20I,India in Zimbabwe T20I Series,2016,India,Zimbabwe,Harare Sports Club,,Zimbabwe,AWAY,Zimbabwe,field,India,WON,3 runs,True,False,
1041615,2016-08-27,2016,8,T20I,West Indies v India T20I Series,2016,India,West Indies,Central Broward Regional Park Stadium Turf Ground,Lauderhill,United States of America,NEUTRAL,India,field,West Indies,LOST,1 runs,True,False,
1041617,2016-08-28,2016,8,T20I,West Indies v India T20I Series,2016,India,West Indies,Central Broward Regional Park Stadium Turf Ground,Lauderhill,United States of America,NEUTRAL,India,field,,NO_RESULT,,True,False,
1030219,2016-10-16,2016,10,ODI,New Zealand in India ODI Series,2016/17,India,New Zealand,Himachal Pradesh Cricket Association Stadium,Dharmasala,India,HOME,India,field,India,WON,6 wickets,True,False,
1030221,2016-10-20,2016,10,ODI,New Zealand in India ODI Series,2016/17,India,New Zealand,Feroz Shah Kotla,Delhi,India,HOME,India,field,New Zealand,LOST,6 runs,True,False,
1030223,2016-10-23,2016,10,ODI,New Zealand in India ODI Series,2016/17,India,New Zealand,"Punjab Cricket Association Stadium, Mohali",Chandigarh,India,HOME,India,field,India,WON,7 wickets,True,False,
1030225,2016-10-26,2016,10,ODI,New Zealand in India ODI Series,2016/17,India,New Zealand,JSCA International Stadium Complex,Ranchi,India,HOME,New Zealand,bat,New Zealand,LOST,19 runs,True,False,
1030227,2016-10-29,2016,10,ODI,New Zealand in India ODI Series,2016/17,India,New Zealand,Dr. Y.S. Rajasekhara Reddy ACA-VDCA Cricket Stadium,Visakhapatnam,India,HOME,India,bat,India,WON,190 runs,True,False,
1034819,2017-01-15,2017,1,ODI,England in India ODI Series,2016/17,India,England,Maharashtra Cricket Association Stadium,Pune,India,HOME,India,field,India,WON,3 wickets,False,False,
1034821,2017-01-19,2017,1,ODI,England in India ODI Series,2016/17,India,England,Barabati Stadium,Cuttack,India,HOME,England,field,India,WON,15 runs,False,False,
1034823,2017-01-22,2017,1,ODI,England in India ODI Series,2016/17,India,England,Eden Gardens,Kolkata,India,HOME,India,field,England,LOST,5 runs,False,False,
1034825,2017-01-26,2017,1,T20I,England in India T20I Series,2016/17,India,England,Green Park,Kanpur,India,HOME,England,field,England,LOST,7 wickets,False,False,
1034827,2017-01-29,2017,1,T20I,England in India T20I Series,2016/17,India,England,"Vidarbha Cricket Association Stadium, Jamtha",Nagpur,India,HOME,England,field,India,WON,5 runs,False,False,
1034829,2017-02-01,2017,2,T20I,England in India T20I Series,2016/17,India,England,M Chinnaswamy Stadium,Bangalore,India,HOME,England,field,India,WON,75 runs,False,False,
1082592,2017-04-06,2017,4,IPL,Indian Premier League,2017,Rising Pune Supergiant,Mumbai Indians,Maharashtra Cricket Association Stadium,Pune,India,HOME,Rising Pune Supergiant,field,Rising Pune Supergiant,WON,7 wickets,False,False,
1082594,2017-04-08,2017,4,IPL,Indian Premier League,2017,Rising Pune Supergiant,Kings XI Punjab,Holkar Cricket Stadium,Indore,India,AWAY,Kings XI Punjab,field,Kings XI Punjab,LOST,6 wickets,False,False,
1082599,2017-04-11,2017,4,IPL,Indian Premier League,2017,Rising Pune Supergiant,Delhi Daredevils,Maharashtra Cricket Association Stadium,Pune,India,HOME,Rising Pune Supergiant,field,Delhi Daredevils,LOST,97 runs,False,False,
1082603,2017-04-14,2017,4,IPL,Indian Premier League,2017,Rising Pune Supergiant,Gujarat Lions,Saurashtra Cricket Association Stadium,Rajkot,India,AWAY,Gujarat Lions,field,Gujarat Lions,LOST,7 wickets,False,False,
1082607,2017-04-16,2017,4,IPL,Indian Premier League,2017,Rising Pune Supergiant,Royal Challengers Bangalore,M Chinnaswamy Stadium,Bangalore,India,AWAY,Royal Challengers Bangalore,field,Rising Pune Supergiant,WON,27 runs,False,False,
1082615,2017-04-22,2017,4,IPL,Indian Premier League,2017,Rising Pune Supergiant,Sunrisers Hyderabad,Maharashtra Cricket Association Stadium,Pune,India,HOME,Rising Pune Supergiant,field,Rising Pune Supergiant,WON,6 wickets,False,True,
1082618,2017-04-24,2017,4,IPL,Indian Premier League,2017,Rising Pune Supergiant,Mumbai Indians,Wankhede Stadium,Mumbai,India,AWAY,Mumbai Indians,field,Rising Pune Supergiant,WON,3 runs,False,False,
1082620,2017-04-26,2017,4,IPL,Indian Premier League,2017,Rising Pune Supergiant,Kolkata Knight Riders,Maharashtra Cricket Association Stadium,Pune,India,HOME,Kolkata Knight Riders,field,Kolkata Knight Riders,LOST,7 wickets,False,False,
1082624,2017-04-29,2017,4,IPL,Indian Premier League,2017,Rising Pune Supergiant,Royal Challengers Bangalore,Maharashtra Cricket Association Stadium,Pune,India,HOME,Royal Challengers Bangalore,field,Rising Pune Supergiant,WON,61 runs,False,False,
1082629,2017-05-01,2017,5,IPL,Indian Premier League,2017,Rising Pune Supergiant,Gujarat Lions,Maharashtra Cricket Association Stadium,Pune,India,HOME,Rising Pune Supergiant,field,Rising Pune Supergiant,WON,5 wickets,False,False,
1082631,2017-05-03,2017,5,IPL,Indian Premier League,2017,Rising Pune Supergiant,Kolkata Knight Riders,Eden Gardens,Kolkata,India,AWAY,Rising Pune Supergiant,field,Rising Pune Supergiant,WON,4 wickets,False,False,
1082634,2017-05-06,2017,5,IPL,Indian Premier League,2017,Rising Pune Supergiant,Sunrisers Hyderabad,"Rajiv Gandhi International Stadium, Uppal",Hyderabad,India,AWAY,Sunrisers Hyderabad,field,Rising Pune Supergiant,WON,12 runs,False,False,
1082642,2017-05-12,2017,5,IPL,Indian Premier League,2017,Rising Pune Supergiant,Delhi Daredevils,Feroz Shah Kotla,Delhi,India,AWAY,Delhi Daredevils,bat,Delhi Daredevils,LOST,7 runs,False,False,
1082645,2017-05-14,2017,5,IPL,Indian Premier League,2017,Rising Pune Supergiant,Kings XI Punjab,Maharashtra Cricket Association Stadium,Pune,India,HOME,Rising Pune Supergiant,field,Rising Pune Supergiant,WON,9 wickets,False,False,
1082647,2017-05-16,2017,5,IPL,Indian Premier League,2017,Rising Pune Supergiant,Mumbai Indians,Wankhede Stadium,Mumbai,India,AWAY,Mumbai Indians,field,Rising Pune Supergiant,WON,20 runs,False,False,Qualifier 1
1082650,2017-05-21,2017,5,IPL,Indian Premier League,2017,Rising Pune Supergiant,Mumbai Indians,"Rajiv Gandhi International Stadium, Uppal",Hyderabad,India,AWAY,Mumbai Indians,bat,Mumbai Indians,LOST,1 runs,False,False,Final
1022353,2017-06-04,2017,6,ODI,ICC Champions Trophy,2017,India,Pakistan,Edgbaston,Birmingham,England,NEUTRAL,Pakistan,field,India,WON,124 runs,False,False,
1022361,2017-06-08,2017,6,ODI,ICC Champions Trophy,2017,India,Sri Lanka,Kennington Oval,London,England,NEUTRAL,Sri Lanka,field,Sri Lanka,LOST,7 wickets,False,False,
1022367,2017-06-11,2017,6,ODI,ICC Champions Trophy,2017,India,South Africa,Kennington Oval,London,England,NEUTRAL,India,field,India,WON,8 wickets,False,False,
1022373,2017-06-15,2017,6,ODI,ICC Champions Trophy,2017,India,Bangladesh,Edgbaston,Birmingham,England,NEUTRAL,India,field,India,WON,9 wickets,False,False,Semi Final
1022375,2017-06-18,2017,6,ODI,ICC Champions Trophy,2017,India,Pakistan,Kennington Oval,London,England,NEUTRAL,India,field,Pakistan,LOST,180 runs,False,False,Final
1098206,2017-06-23,2017,6,ODI,India in West Indies ODI Series,2017,India,West Indies,"Queen's Park Oval, Port of Spain",Trinidad,Trinidad and Tobago,AWAY,West Indies,field,,NO_RESULT,,False,False,
1098207,2017-06-25,2017,6,ODI,India in West Indies ODI Series,2017,India,West Indies,"Queen's Park Oval, Port of Spain",Trinidad,Trinidad and Tobago,AWAY,West Indies,field,India,WON,105 runs,False,False,
1098208,2017-06-30,2017,6,ODI,India in West Indies ODI Series,2017,India,West Indies,"Sir Vivian Richards Stadium, North Sound",Antigua,Antigua and Barbuda,AWAY,West Indies,field,India,WON,93 runs,False,True,
1098209,2017-07-02,2017,7,ODI,India in West Indies ODI Series,2017,India,West Indies,"Sir Vivian Richards Stadium, North Sound",Antigua,Antigua and Barbuda,AWAY,West Indies,bat,West Indies,LOST,11 runs,False,False,
1098210,2017-07-06,2017,7,ODI,India in West Indies ODI Series,2017,India,West Indies,"Sabina Park, Kingston",Jamaica,Jamaica,AWAY,West Indies,bat,India,WON,8 wickets,False,False,
1098211,2017-07-09,2017,7,T20I,T20I Series,2017,India,West Indies,"Sabina Park, Kingston",Jamaica,Jamaica,AWAY,West Indies,field,West Indies,LOST,9 wickets,False,False,
1109605,2017-08-20,2017,8,ODI,India tour of Sri Lanka,2017,India,Sri Lanka,Rangiri Dambulla International Stadium,,Sri Lanka,AWAY,India,field,India,WON,9 wickets,False,False,
1109606,2017-08-24,2017,8,ODI,India tour of Sri Lanka,2017,India,Sri Lanka,Pallekele International Cricket Stadium,,Sri Lanka,AWAY,India,field,India,WON,3 wickets,False,False,
1109607,2017-08-27,2017,8,ODI,India tour of Sri Lanka,2017,India,Sri Lanka,Pallekele International Cricket Stadium,,Sri Lanka,AWAY,Sri Lanka,bat,India,WON,6 wickets,False,False,
1109608,2017-08-31,2017,8,ODI,India tour of Sri Lanka,2017,India,Sri Lanka,"R.Premadasa Stadium, Khettarama",Colombo,Sri Lanka,AWAY,India,bat,India,WON,168 runs,False,False,
1109609,2017-09-03,2017,9,ODI,India tour of Sri Lanka,2017,India,Sri Lanka,"R.Premadasa Stadium, Khettarama",Colombo,Sri Lanka,AWAY,Sri Lanka,bat,India,WON,6 wickets,False,False,
1109610,2017-09-06,2017,9,T20I,India tour of Sri Lanka,2017,India,Sri Lanka,"R.Premadasa Stadium, Khettarama",Colombo,Sri Lanka,AWAY,India,field,India,WON,7 wickets,False,False,
1119496,2017-09-17,2017,9,ODI,Australia tour of India,2017/18,India,Australia,"MA Chidambaram Stadium, Chepauk",Chennai,India,HOME,India,bat,India,WON,26 runs,False,False,
1119497,2017-09-21,2017,9,ODI,Australia tour of India,2017/18,India,Australia,Eden Gardens,Kolkata,India,HOME,India,bat,India,WON,50 runs,False,False,
1119498,2017-09-24,2017,9,ODI,Australia tour of India,2017/18,India,Australia,Holkar Cricket Stadium,Indore,India,HOME,Australia,bat,India,WON,5 wickets,False,False,
1119499,2017-09-28,2017,9,ODI,Australia tour of India,2017/18,India,Australia,M.Chinnaswamy Stadium,Bengaluru,India,HOME,Australia,bat,Australia,LOST,21 runs,False,False,
1119500,2017-10-01,2017,10,ODI,Australia tour of India,2017/18,India,Australia,"Vidarbha Cricket Association Stadium, Jamtha",Nagpur,India,HOME,Australia,bat,India,WON,7 wickets,False,False,
1119501,2017-10-07,2017,10,T20I,Australia tour of India,2017/18,India,Australia,JSCA International Stadium Complex,Ranchi,India,HOME,India,field,India,WON,9 wickets,False,False,
1119502,2017-10-10,2017,10,T20I,Australia tour of India,2017/18,India,Australia,Barsapara Cricket Stadium,Guwahati,India,HOME,Australia,field,Australia,LOST,8 wickets,False,False,
1120090,2017-10-22,2017,10,ODI,New Zealand tour of India,2017/18,India,New Zealand,Wankhede Stadium,Mumbai,India,HOME,India,bat,New Zealand,LOST,6 wickets,False,False,
1120091,2017-10-25,2017,10,ODI,New Zealand tour of India,2017/18,India,New Zealand,Maharashtra Cricket Association Stadium,Pune,India,HOME,New Zealand,bat,India,WON,6 wickets,False,False,
1120092,2017-10-29,2017,10,ODI,New Zealand tour of India,2017/18,India,New Zealand,Green Park,Kanpur,India,HOME,New Zealand,field,India,WON,6 runs,False,False,
1120093,2017-11-01,2017,11,T20I,New Zealand tour of India,2017/18,India,New Zealand,Arun Jaitley Stadium,Delhi,India,HOME,New Zealand,field,India,WON,53 runs,False,False,
1120094,2017-11-04,2017,11,T20I,New Zealand tour of India,2017/18,India,New Zealand,Saurashtra Cricket Association Stadium,Rajkot,India,HOME,New Zealand,bat,New Zealand,LOST,40 runs,False,False,
1120095,2017-11-07,2017,11,T20I,New Zealand tour of India,2017/18,India,New Zealand,Greenfield International Stadium,Thiruvananthapuram,Pakistan,NEUTRAL,New Zealand,field,India,WON,6 runs,False,False,
1122726,2017-12-10,2017,12,ODI,Sri Lanka tour of India,2017/18,India,Sri Lanka,Himachal Pradesh Cricket Association Stadium,Dharamsala,India,HOME,Sri Lanka,field,Sri Lanka,LOST,7 wickets,False,False,
1122727,2017-12-13,2017,12,ODI,Sri Lanka tour of India,2017/18,India,Sri Lanka,"Punjab Cricket Association IS Bindra Stadium, Mohali",Chandigarh,Unknown,NEUTRAL,Sri Lanka,field,India,WON,141 runs,False,False,
1122728,2017-12-17,2017,12,ODI,Sri Lanka tour of India,2017/18,India,Sri Lanka,Dr. Y.S. Rajasekhara Reddy ACA-VDCA Cricket Stadium,Visakhapatnam,India,HOME,India,field,India,WON,8 wickets,False,False,
1122729,2017-12-20,2017,12,T20I,Sri Lanka tour of India,2017/18,India,Sri Lanka,Barabati Stadium,Cuttack,India,HOME,Sri Lanka,field,India,WON,93 runs,False,False,
1122730,2017-12-22,2017,12,T20I,Sri Lanka tour of India,2017/18,India,Sri Lanka,Holkar Cricket Stadium,Indore,India,HOME,Sri Lanka,field,India,WON,88 runs,False,False,
1122731,2017-12-24,2017,12,T20I,Sri Lanka tour of India,2017/18,India,Sri Lanka,Wankhede Stadium,Mumbai,India,HOME,India,field,India,WON,5 wickets,False,False,
1122279,2018-02-01,2018,2,ODI,India tour of South Africa,2017/18,India,South Africa,Kingsmead,Durban,South Africa,AWAY,South Africa,bat,India,WON,6 wickets,False,False,
1122280,2018-02-04,2018,2,ODI,India tour of South Africa,2017/18,India,South Africa,SuperSport Park,Centurion,South Africa,AWAY,India,field,India,WON,9 wickets,False,False,
1122281,2018-02-07,2018,2,ODI,India tour of South Africa,2017/18,India,South Africa,Newlands,Cape Town,South Africa,AWAY,South Africa,field,India,WON,124 runs,False,False,
1122282,2018-02-10,2018,2,ODI,India tour of South Africa,2017/18,India,South Africa,The Wanderers Stadium,Johannesburg,South Africa,AWAY,India,bat,South Africa,LOST,5 wickets,False,False,
1122283,2018-02-13,2018,2,ODI,India tour of South Africa,2017/18,India,South Africa,St George's Park,Port Elizabeth,South Africa,AWAY,South Africa,field,India,WON,73 runs,False,False,
1122284,2018-02-16,2018,2,ODI,India tour of South Africa,2017/18,India,South Africa,SuperSport Park,Centurion,South Africa,AWAY,India,field,India,WON,8 wickets,False,False,
1122285,2018-02-18,2018,2,T20I,India tour of South Africa,2017/18,India,South Africa,The Wanderers Stadium,Johannesburg,South Africa,AWAY,South Africa,field,India,WON,28 runs,False,False,
1122286,2018-02-21,2018,2,T20I,India tour of South Africa,2017/18,India,South Africa,SuperSport Park,Centurion,South Africa,AWAY,South Africa,field,South Africa,LOST,6 wickets,False,False,
1122287,2018-02-24,2018,2,T20I,India tour of South Africa,2017/18,India,South Africa,Newlands,Cape Town,South Africa,AWAY,South Africa,field,India,WON,7 runs,False,False,
1136561,2018-04-07,2018,4,IPL,Indian Premier League,2018,Chennai Super Kings,Mumbai Indians,Wankhede Stadium,Mumbai,India,AWAY,Chennai Super Kings,field,Chennai Super Kings,WON,1 wickets,True,False,
1136565,2018-04-10,2018,4,IPL,Indian Premier League,2018,Chennai Super Kings,Kolkata Knight Riders,MA Chidambaram Stadium,Chennai,India,HOME,Chennai Super Kings,field,Chennai Super Kings,WON,5 wickets,True,False,
1136572,2018-04-15,2018,4,IPL,Indian Premier League,2018,Chennai Super Kings,Kings XI Punjab,Punjab Cricket Association IS Bindra Stadium,Chandigarh,Unknown,AWAY,Chennai Super Kings,field,Kings XI Punjab,LOST,4 runs,True,False,
1136577,2018-04-20,2018,4,IPL,Indian Premier League,2018,Chennai Super Kings,Rajasthan Royals,Maharashtra Cricket Association Stadium,Pune,India,AWAY,Rajasthan Royals,field,Chennai Super Kings,WON,64 runs,True,False,
1136580,2018-04-22,2018,4,IPL,Indian Premier League,2018,Chennai Super Kings,Sunrisers Hyderabad,Rajiv Gandhi International Stadium,Hyderabad,India,AWAY,Sunrisers Hyderabad,field,Chennai Super Kings,WON,4 runs,True,False,
1136584,2018-04-25,2018,4,IPL,Indian Premier League,2018,Chennai Super Kings,Royal Challengers Bangalore,M.Chinnaswamy Stadium,Bengaluru,India,AWAY,Chennai Super Kings,field,Chennai Super Kings,WON,5 wickets,True,True,
1136587,2018-04-28,2018,4,IPL,Indian Premier League,2018,Chennai Super Kings,Mumbai Indians,Maharashtra Cricket Association Stadium,Pune,India,AWAY,Mumbai Indians,field,Mumbai Indians,LOST,8 wickets,True,False,
1136590,2018-04-30,2018,4,IPL,Indian Premier League,2018,Chennai Super Kings,Delhi Daredevils,Maharashtra Cricket Association Stadium,Pune,India,AWAY,Delhi Daredevils,field,Chennai Super Kings,WON,13 runs,True,False,
1136593,2018-05-03,2018,5,IPL,Indian Premier League,2018,Chennai Super Kings,Kolkata Knight Riders,Eden Gardens,Kolkata,India,AWAY,Kolkata Knight Riders,field,Kolkata Knight Riders,LOST,6 wickets,True,False,
1136595,2018-05-05,2018,5,IPL,Indian Premier League,2018,Chennai Super Kings,Royal Challengers Bangalore,Maharashtra Cricket Association Stadium,Pune,India,AWAY,Chennai Super Kings,field,Chennai Super Kings,WON,6 wickets,True,False,
1136603,2018-05-11,2018,5,IPL,Indian Premier League,2018,Chennai Super Kings,Rajasthan Royals,Sawai Mansingh Stadium,Jaipur,India,AWAY,Chennai Super Kings,bat,Rajasthan Royals,LOST,4 wickets,True,False,
1136606,2018-05-13,2018,5,IPL,Indian Premier League,2018,Chennai Super Kings,Sunrisers Hyderabad,Maharashtra Cricket Association Stadium,Pune,India,AWAY,Chennai Super Kings,field,Chennai Super Kings,WON,8 wickets,True,False,
1136612,2018-05-18,2018,5,IPL,Indian Premier League,2018,Chennai Super Kings,Delhi Daredevils,Arun Jaitley Stadium,Delhi,India,AWAY,Chennai Super Kings,field,Delhi Daredevils,LOST,34 runs,True,False,
1136616,2018-05-20,2018,5,IPL,Indian Premier League,2018,Chennai Super Kings,Kings XI Punjab,Maharashtra Cricket Association Stadium,Pune,India,AWAY,Chennai Super Kings,field,Chennai Super Kings,WON,5 wickets,True,False,
1136617,2018-05-22,2018,5,IPL,Indian Premier League,2018,Chennai Super Kings,Sunrisers Hyderabad,Wankhede Stadium,Mumbai,India,AWAY,Chennai Super Kings,field,Chennai Super Kings,WON,2 wickets,True,False,Qualifier 1
1136620,2018-05-27,2018,5,IPL,Indian Premier League,2018,Chennai Super Kings,Sunrisers Hyderabad,Wankhede Stadium,Mumbai,India,AWAY,Chennai Super Kings,field,Chennai Super Kings,WON,8 wickets,True,False,Final
1140992,2018-06-27,2018,6,T20I,India tour of Ireland and England,2018,India,Ireland,"The Village, Malahide",Dublin,Unknown,NEUTRAL,Ireland,field,India,WON,76 runs,False,False,
1119543,2018-07-03,2018,7,T20I,India tour of Ireland and England,2018,India,England,Old Trafford,Manchester,England,AWAY,India,field,India,WON,8 wickets,False,False,
1119544,2018-07-06,2018,7,T20I,India tour of Ireland and England,2018,India,England,Sophia Gardens,Cardiff,England,AWAY,England,field,England,LOST,5 wickets,False,False,
1119545,2018-07-08,2018,7,T20I,India tour of Ireland and England,2018,India,England,County Ground,Bristol,England,AWAY,India,field,India,WON,7 wickets,False,False,
1119546,2018-07-12,2018,7,ODI,India tour of Ireland and England,2018,India,England,Trent Bridge,Nottingham,England,AWAY,India,field,India,WON,8 wickets,False,False,
1119547,2018-07-14,2018,7,ODI,India tour of Ireland and England,2018,India,England,Lord's,London,England,AWAY,England,bat,England,LOST,86 runs,False,False,
1119548,2018-07-17,2018,7,ODI,India tour of Ireland and England,2018,India,England,Headingley,Leeds,England,AWAY,England,field,England,LOST,8 wickets,False,False,
1153246,2018-09-18,2018,9,ODI,Asia Cup,2018,India,Hong Kong,Dubai International Cricket Stadium,,United Arab Emirates,NEUTRAL,Hong Kong,field,India,WON,26 runs,False,False,
1153247,2018-09-19,2018,9,ODI,Asia Cup,2018,India,Pakistan,Dubai International Cricket Stadium,,United Arab Emirates,NEUTRAL,Pakistan,bat,India,WON,8 wickets,False,False,
1153249,2018-09-21,2018,9,ODI,Asia Cup,2018,India,Bangladesh,Dubai International Cricket Stadium,,United Arab Emirates,NEUTRAL,India,field,India,WON,7 wickets,False,False,
1153251,2018-09-23,2018,9,ODI,Asia Cup,2018,India,Pakistan,Dubai International Cricket Stadium,,United Arab Emirates,NEUTRAL,Pakistan,bat,India,WON,9 wickets,False,False,
1153255,2018-09-28,2018,9,ODI,Asia Cup,2018,India,Bangladesh,Dubai International Cricket Stadium,,United Arab Emirates,NEUTRAL,India,field,India,WON,3 wickets,False,False,Final
1157754,2018-10-21,2018,10,ODI,West Indies tour of India,2018/19,India,West Indies,Barsapara Cricket Stadium,Guwahati,India,HOME,India,field,India,WON,8 wickets,False,False,
1157755,2018-10-24,2018,10,ODI,West Indies tour of India,2018/19,India,West Indies,Dr. Y.S. Rajasekhara Reddy ACA-VDCA Cricket Stadium,Visakhapatnam,India,HOME,India,bat,,TIED,,False,False,
1157756,2018-10-27,2018,10,ODI,West Indies tour of India,2018/19,India,West Indies,Maharashtra Cricket Association Stadium,Pune,India,HOME,India,field,West Indies,LOST,43 runs,False,False,
1157757,2018-10-29,2018,10,ODI,West Indies tour of India,2018/19,India,West Indies,Brabourne Stadium,Mumbai,India,HOME,India,bat,India,WON,224 runs,False,False,
1157758,2018-11-01,2018,11,ODI,West Indies tour of India,2018/19,India,West Indies,Greenfield International Stadium,Thiruvananthapuram,Pakistan,NEUTRAL,West Indies,bat,India,WON,9 wickets,False,False,
1144997,2019-01-12,2019,1,ODI,India tour of Australia,2018/19,India,Australia,Sydney Cricket Ground,Sydney,Australia,AWAY,Australia,bat,Australia,LOST,34 runs,False,False,
1144998,2019-01-15,2019,1,ODI,India tour of Australia,2018/19,India,Australia,Adelaide Oval,Adelaide,Australia,AWAY,Australia,bat,India,WON,6 wickets,False,False,
1144999,2019-01-18,2019,1,ODI,India tour of Australia,2018/19,India,Australia,Melbourne Cricket Ground,Melbourne,Australia,AWAY,India,field,India,WON,7 wickets,False,False,
1153691,2019-01-23,2019,1,ODI,India tour of New Zealand,2018/19,India,New Zealand,McLean Park,Napier,New Zealand,AWAY,New Zealand,bat,India,WON,8 wickets,False,False,
1153692,2019-01-26,2019,1,ODI,India tour of New Zealand,2018/19,India,New Zealand,Bay Oval,Mount Maunganui,Unknown,NEUTRAL,India,bat,India,WON,90 runs,False,False,
1153695,2019-02-03,2019,2,ODI,India tour of New Zealand,2018/19,India,New Zealand,Westpac Stadium,Wellington,New Zealand,AWAY,India,bat,India,WON,35 runs,False,False,
1153696,2019-02-06,2019,2,T20I,India tour of New Zealand,2018/19,India,New Zealand,Westpac Stadium,Wellington,New Zealand,AWAY,India,field,New Zealand,LOST,80 runs,False,False,
1153697,2019-02-08,2019,2,T20I,India tour of New Zealand,2018/19,India,New Zealand,Eden Park,Auckland,New Zealand,AWAY,New Zealand,bat,India,WON,7 wickets,False,False,
1153698,2019-02-10,2019,2,T20I,India tour of New Zealand,2018/19,India,New Zealand,Seddon Park,Hamilton,New Zealand,AWAY,India,field,New Zealand,LOST,4 runs,False,False,
1168247,2019-02-24,2019,2,T20I,Australia tour of India,2018/19,India,Australia,Dr. Y.S. Rajasekhara Reddy ACA-VDCA Cricket Stadium,Visakhapatnam,India,HOME,Australia,field,Australia,LOST,3 wickets,False,False,
1168248,2019-02-27,2019,2,T20I,Australia tour of India,2018/19,India,Australia,M.Chinnaswamy Stadium,Bengaluru,India,HOME,Australia,field,Australia,LOST,7 wickets,False,False,
1168242,2019-03-02,2019,3,ODI,Australia tour of India,2018/19,India,Australia,"Rajiv Gandhi International Stadium, Uppal",Hyderabad,India,HOME,Australia,bat,India,WON,6 wickets,False,False,
1168243,2019-03-05,2019,3,ODI,Australia tour of India,2018/19,India,Australia,"Vidarbha Cricket Association Stadium, Jamtha",Nagpur,India,HOME,Australia,field,India,WON,8 runs,False,False,
1168244,2019-03-08,2019,3,ODI,Australia tour of India,2018/19,India,Australia,JSCA International Stadium Complex,Ranchi,India,HOME,India,field,Australia,LOST,32 runs,False,False,
1175356,2019-03-23,2019,3,IPL,Indian Premier League,2019,Chennai Super Kings,Royal Challengers Bangalore,MA Chidambaram Stadium,Chennai,India,HOME,Chennai Super Kings,field,Chennai Super Kings,WON,7 wickets,True,False,
1175360,2019-03-26,2019,3,IPL,Indian Premier League,2019,Chennai Super Kings,Delhi Capitals,Arun Jaitley Stadium,Delhi,India,AWAY,Delhi Capitals,bat,Chennai Super Kings,WON,6 wickets,True,False,
1175367,2019-03-31,2019,3,IPL,Indian Premier League,2019,Chennai Super Kings,Rajasthan Royals,MA Chidambaram Stadium,Chennai,India,HOME,Rajasthan Royals,field,Chennai Super Kings,WON,8 runs,True,True,
1175370,2019-04-03,2019,4,IPL,Indian Premier League,2019,Chennai Super Kings,Mumbai Indians,Wankhede Stadium,Mumbai,India,AWAY,Chennai Super Kings,field,Mumbai Indians,LOST,37 runs,True,False,
1178393,2019-04-06,2019,4,IPL,Indian Premier League,2019,Chennai Super Kings,Kings XI Punjab,MA Chidambaram Stadium,Chennai,India,HOME,Chennai Super Kings,bat,Chennai Super Kings,WON,22 runs,True,False,
1178398,2019-04-09,2019,4,IPL,Indian Premier League,2019,Chennai Super Kings,Kolkata Knight Riders,MA Chidambaram Stadium,Chennai,India,HOME,Chennai Super Kings,field,Chennai Super Kings,WON,7 wickets,True,False,
1178400,2019-04-11,2019,4,IPL,Indian Premier League,2019,Chennai Super Kings,Rajasthan Royals,Sawai Mansingh Stadium,Jaipur,India,AWAY,Chennai Super Kings,field,Chennai Super Kings,WON,4 wickets,True,True,
1178404,2019-04-14,2019,4,IPL,Indian Premier League,2019,Chennai Super Kings,Kolkata Knight Riders,Eden Gardens,Kolkata,India,AWAY,Chennai Super Kings,field,Chennai Super Kings,WON,5 wickets,True,False,
1178414,2019-04-21,2019,4,IPL,Indian Premier League,2019,Chennai Super Kings,Royal Challengers Bangalore,M.Chinnaswamy Stadium,Bengaluru,India,AWAY,Chennai Super Kings,field,Royal Challengers Bangalore,LOST,1 runs,True,False,
1178416,2019-04-23,2019,4,IPL,Indian Premier League,2019,Chennai Super Kings,Sunrisers Hyderabad,MA Chidambaram Stadium,Chennai,India,HOME,Chennai Super Kings,field,Chennai Super Kings,WON,6 wickets,True,False,
1178425,2019-05-01,2019,5,IPL,Indian Premier League,2019,Chennai Super Kings,Delhi Capitals,MA Chidambaram Stadium,Chennai,India,HOME,Delhi Capitals,field,Chennai Super Kings,WON,80 runs,True,True,
1178430,2019-05-05,2019,5,IPL,Indian Premier League,2019,Chennai Super Kings,Kings XI Punjab,Punjab Cricket Association IS Bindra Stadium,Chandigarh,Unknown,AWAY,Kings XI Punjab,field,Kings XI Punjab,LOST,6 wickets,True,False,
1181764,2019-05-07,2019,5,IPL,Indian Premier League,2019,Chennai Super Kings,Mumbai Indians,MA Chidambaram Stadium,Chennai,India,HOME,Chennai Super Kings,bat,Mumbai Indians,LOST,6 wickets,True,False,Qualifier 1
1181767,2019-05-10,2019,5,IPL,Indian Premier League,2019,Chennai Super Kings,Delhi Capitals,Dr. Y.S. Rajasekhara Reddy ACA-VDCA Cricket Stadium,Visakhapatnam,India,AWAY,Chennai Super Kings,field,Chennai Super Kings,WON,6 wickets,True,False,Qualifier 2
1181768,2019-05-12,2019,5,IPL,Indian Premier League,2019,Chennai Super Kings,Mumbai Indians,Rajiv Gandhi International Stadium,Hyderabad,India,AWAY,Mumbai Indians,bat,Mumbai Indians,LOST,1 runs,True,False,Final
1144490,2019-06-05,2019,6,ODI,World Cup,2019,India,South Africa,The Rose Bowl,Southampton,England,NEUTRAL,South Africa,bat,India,WON,6 wickets,False,False,
1144496,2019-06-09,2019,6,ODI,World Cup,2019,India,Australia,Kennington Oval,London,England,NEUTRAL,India,bat,India,WON,36 runs,False,False,
1144504,2019-06-16,2019,6,ODI,World Cup,2019,India,Pakistan,Old Trafford,Manchester,England,NEUTRAL,Pakistan,field,India,WON,89 runs,False,False,
1144516,2019-06-27,2019,6,ODI,World Cup,2019,India,West Indies,Old Trafford,Manchester,England,NEUTRAL,India,bat,India,WON,125 runs,False,False,
1144520,2019-06-30,2019,6,ODI,World Cup,2019,India,England,Edgbaston,Birmingham,England,AWAY,England,bat,England,LOST,31 runs,False,False,
1144522,2019-07-02,2019,7,ODI,World Cup,2019,India,Bangladesh,Edgbaston,Birmingham,England,NEUTRAL,India,bat,India,WON,28 runs,False,False,
1144526,2019-07-06,2019,7,ODI,World Cup,2019,India,Sri Lanka,Headingley,Leeds,England,NEUTRAL,Sri Lanka,bat,India,WON,7 wickets,False,False,
1144528,2019-07-09,2019,7,ODI,World Cup,2019,India,New Zealand,Old Trafford,Manchester,England,NEUTRAL,New Zealand,bat,New Zealand,LOST,18 runs,False,False,Semi Final
1216492,2020-09-19,2020,9,IPL,Indian Premier League,2020/21,Chennai Super Kings,Mumbai Indians,Sheikh Zayed Stadium,Abu Dhabi,United Arab Emirates,NEUTRAL,Chennai Super Kings,field,Chennai Super Kings,WON,5 wickets,False,False,
1216496,2020-09-22,2020,9,IPL,Indian Premier League,2020/21,Chennai Super Kings,Rajasthan Royals,Sharjah Cricket Stadium,,United Arab Emirates,NEUTRAL,Chennai Super Kings,field,Rajasthan Royals,LOST,16 runs,False,False,
1216539,2020-09-25,2020,9,IPL,Indian Premier League,2020/21,Chennai Super Kings,Delhi Capitals,Dubai International Cricket Stadium,,United Arab Emirates,NEUTRAL,Chennai Super Kings,field,Delhi Capitals,LOST,44 runs,False,False,
1216516,2020-10-02,2020,10,IPL,Indian Premier League,2020/21,Chennai Super Kings,Sunrisers Hyderabad,Dubai International Cricket Stadium,,United Arab Emirates,NEUTRAL,Sunrisers Hyderabad,bat,Sunrisers Hyderabad,LOST,7 runs,False,False,
1216513,2020-10-04,2020,10,IPL,Indian Premier League,2020/21,Chennai Super Kings,Kings XI Punjab,Dubai International Cricket Stadium,,United Arab Emirates,NEUTRAL,Kings XI Punjab,bat,Chennai Super Kings,WON,10 wickets,False,False,
1216501,2020-10-07,2020,10,IPL,Indian Premier League,2020/21,Chennai Super Kings,Kolkata Knight Riders,Sheikh Zayed Stadium,Abu Dhabi,United Arab Emirates,NEUTRAL,Kolkata Knight Riders,bat,Kolkata Knight Riders,LOST,10 runs,False,False,
1216525,2020-10-10,2020,10,IPL,Indian Premier League,2020/21,Chennai Super Kings,Royal Challengers Bangalore,Dubai International Cricket Stadium,,United Arab Emirates,NEUTRAL,Royal Challengers Bangalore,bat,Royal Challengers Bangalore,LOST,37 runs,False,False,
1216528,2020-10-13,2020,10,IPL,Indian Premier League,2020/21,Chennai Super Kings,Sunrisers Hyderabad,Dubai International Cricket Stadium,,United Arab Emirates,NEUTRAL,Chennai Super Kings,bat,Chennai Super Kings,WON,20 runs,False,False,
1216509,2020-10-17,2020,10,IPL,Indian Premier League,2020/21,Chennai Super Kings,Delhi Capitals,Sharjah Cricket Stadium,,United Arab Emirates,NEUTRAL,Chennai Super Kings,bat,Delhi Capitals,LOST,5 wickets,False,False,
1216533,2020-10-19,2020,10,IPL,Indian Premier League,2020/21,Chennai Super Kings,Rajasthan Royals,Sheikh Zayed Stadium,Abu Dhabi,United Arab Emirates,NEUTRAL,Chennai Super Kings,bat,Rajasthan Royals,LOST,7 wickets,False,False,
1216521,2020-10-23,2020,10,IPL,Indian Premier League,2020/21,Chennai Super Kings,Mumbai Indians,Sharjah Cricket Stadium,,United Arab Emirates,NEUTRAL,Mumbai Indians,field,Mumbai Indians,LOST,10 wickets,False,False,
1216544,2020-10-25,2020,10,IPL,Indian Premier League,2020/21,Chennai Super Kings,Royal Challengers Bangalore,Dubai International Cricket Stadium,,United Arab Emirates,NEUTRAL,Royal Challengers Bangalore,bat,Chennai Super Kings,WON,8 wickets,False,False,
1216536,2020-10-29,2020,10,IPL,Indian Premier League,2020/21,Chennai Super Kings,Kolkata Knight Riders,Dubai International Cricket Stadium,,United Arab Emirates,NEUTRAL,Chennai Super Kings,field,Chennai Super Kings,WON,6 wickets,False,False,
1216506,2020-11-01,2020,11,IPL,Indian Premier League,2020/21,Chennai Super Kings,Kings XI Punjab,Sheikh Zayed Stadium,Abu Dhabi,United Arab Emirates,NEUTRAL,Chennai Super Kings,field,Chennai Super Kings,WON,9 wickets,False,False,
1254059,2021-04-10,2021,4,IPL,Indian Premier League,2021,Chennai Super Kings,Delhi Capitals,"Wankhede Stadium, Mumbai",Mumbai,India,AWAY,Delhi Capitals,field,Delhi Capitals,LOST,7 wickets,True,False,
1254065,2021-04-16,2021,4,IPL,Indian Premier League,2021,Chennai Super Kings,Punjab Kings,"Wankhede Stadium, Mumbai",Mumbai,India,AWAY,Chennai Super Kings,field,Chennai Super Kings,WON,6 wickets,True,False,
1254069,2021-04-19,2021,4,IPL,Indian Premier League,2021,Chennai Super Kings,Rajasthan Royals,"Wankhede Stadium, Mumbai",Mumbai,India,AWAY,Rajasthan Royals,field,Chennai Super Kings,WON,45 runs,True,False,
1254072,2021-04-21,2021,4,IPL,Indian Premier League,2021,Chennai Super Kings,Kolkata Knight Riders,"Wankhede Stadium, Mumbai",Mumbai,India,AWAY,Kolkata Knight Riders,field,Chennai Super Kings,WON,18 runs,True,False,
1254076,2021-04-25,2021,4,IPL,Indian Premier League,2021,Chennai Super Kings,Royal Challengers Bangalore,"Wankhede Stadium, Mumbai",Mumbai,India,AWAY,Chennai Super Kings,bat,Chennai Super Kings,WON,69 runs,True,False,
1254080,2021-04-28,2021,4,IPL,Indian Premier League,2021,Chennai Super Kings,Sunrisers Hyderabad,"Arun Jaitley Stadium, Delhi",Delhi,India,AWAY,Sunrisers Hyderabad,bat,Chennai Super Kings,WON,7 wickets,True,False,
1254084,2021-05-01,2021,5,IPL,Indian Premier League,2021,Chennai Super Kings,Mumbai Indians,"Arun Jaitley Stadium, Delhi",Delhi,India,AWAY,Mumbai Indians,field,Mumbai Indians,LOST,4 wickets,True,False,
1254104,2021-09-19,2021,9,IPL,Indian Premier League,2021,Chennai Super Kings,Mumbai Indians,Dubai International Cricket Stadium,Dubai,United Arab Emirates,NEUTRAL,Chennai Super Kings,bat,Chennai Super Kings,WON,20 runs,True,False,
1254113,2021-09-24,2021,9,IPL,Indian Premier League,2021,Chennai Super Kings,Royal Challengers Bangalore,Sharjah Cricket Stadium,Sharjah,United Arab Emirates,NEUTRAL,Chennai Super Kings,field,Chennai Super Kings,WON,6 wickets,True,False,
1254098,2021-09-26,2021,9,IPL,Indian Premier League,2021,Chennai Super Kings,Kolkata Knight Riders,"Zayed Cricket Stadium, Abu Dhabi",Abu Dhabi,United Arab Emirates,NEUTRAL,Kolkata Knight Riders,bat,Chennai Super Kings,WON,2 wickets,True,False,
1254091,2021-09-30,2021,9,IPL,Indian Premier League,2021,Chennai Super Kings,Sunrisers Hyderabad,Sharjah Cricket Stadium,Sharjah,United Arab Emirates,NEUTRAL,Chennai Super Kings,field,Chennai Super Kings,WON,6 wickets,True,False,
1254089,2021-10-02,2021,10,IPL,Indian Premier League,2021,Chennai Super Kings,Rajasthan Royals,"Zayed Cricket Stadium, Abu Dhabi",Abu Dhabi,United Arab Emirates,NEUTRAL,Rajasthan Royals,field,Rajasthan Royals,LOST,7 wickets,True,False,
1254110,2021-10-04,2021,10,IPL,Indian Premier League,2021,Chennai Super Kings,Delhi Capitals,Dubai International Cricket Stadium,Dubai,United Arab Emirates,NEUTRAL,Delhi Capitals,field,Delhi Capitals,LOST,3 wickets,True,False,
1254094,2021-10-07,2021,10,IPL,Indian Premier League,2021,Chennai Super Kings,Punjab Kings,Dubai International Cricket Stadium,Dubai,United Arab Emirates,NEUTRAL,Punjab Kings,field,Punjab Kings,LOST,6 wickets,True,False,
1254114,2021-10-10,2021,10,IPL,Indian Premier League,2021,Chennai Super Kings,Delhi Capitals,Dubai International Cricket Stadium,Dubai,United Arab Emirates,NEUTRAL,Chennai Super Kings,field,Chennai Super Kings,WON,4 wickets,True,False,Qualifier 1
1254117,2021-10-15,2021,10,IPL,Indian Premier League,2021,Chennai Super Kings,Kolkata Knight Riders,Dubai International Cricket Stadium,Dubai,United Arab Emirates,NEUTRAL,Kolkata Knight Riders,field,Chennai Super Kings,WON,27 runs,True,False,Final
1304047,2022-03-26,2022,3,IPL,Indian Premier League,2022,Chennai Super Kings,Kolkata Knight Riders,"Wankhede Stadium, Mumbai",Mumbai,India,AWAY,Kolkata Knight Riders,field,Kolkata Knight Riders,LOST,6 wickets,False,False,
1304053,2022-03-31,2022,3,IPL,Indian Premier League,2022,Chennai Super Kings,Lucknow Super Giants,"Brabourne Stadium, Mumbai",Mumbai,India,AWAY,Lucknow Super Giants,field,Lucknow Super Giants,LOST,6 wickets,False,False,
1304057,2022-04-03,2022,4,IPL,Indian Premier League,2022,Chennai Super Kings,Punjab Kings,"Brabourne Stadium, Mumbai",Mumbai,India,AWAY,Chennai Super Kings,field,Punjab Kings,LOST,54 runs,False,False,
1304063,2022-04-09,2022,4,IPL,Indian Premier League,2022,Chennai Super Kings,Sunrisers Hyderabad,"Dr DY Patil Sports Academy, Mumbai",Mumbai,India,AWAY,Sunrisers Hyderabad,field,Sunrisers Hyderabad,LOST,8 wickets,False,False,
1304068,2022-04-12,2022,4,IPL,Indian Premier League,2022,Chennai Super Kings,Royal Challengers Bangalore,"Dr DY Patil Sports Academy, Mumbai",Mumbai,India,AWAY,Royal Challengers Bangalore,field,Chennai Super Kings,WON,23 runs,False,False,
1304075,2022-04-17,2022,4,IPL,Indian Premier League,2022,Chennai Super Kings,Gujarat Titans,"Maharashtra Cricket Association Stadium, Pune",Pune,India,AWAY,Gujarat Titans,field,Gujarat Titans,LOST,3 wickets,False,False,
1304079,2022-04-21,2022,4,IPL,Indian Premier League,2022,Chennai Super Kings,Mumbai Indians,"Dr DY Patil Sports Academy, Mumbai",Navi Mumbai,Unknown,AWAY,Chennai Super Kings,field,Chennai Super Kings,WON,3 wickets,False,False,
1304084,2022-04-25,2022,4,IPL,Indian Premier League,2022,Chennai Super Kings,Punjab Kings,"Wankhede Stadium, Mumbai",Mumbai,India,AWAY,Chennai Super Kings,field,Punjab Kings,LOST,11 runs,False,False,
1304092,2022-05-01,2022,5,IPL,Indian Premier League,2022,Chennai Super Kings,Sunrisers Hyderabad,"Maharashtra Cricket Association Stadium, Pune",Pune,India,AWAY,Sunrisers Hyderabad,field,Chennai Super Kings,WON,13 runs,True,False,
1304095,2022-05-04,2022,5,IPL,Indian Premier League,2022,Chennai Super Kings,Royal Challengers Bangalore,"Maharashtra Cricket Association Stadium, Pune",Pune,India,AWAY,Chennai Super Kings,field,Royal Challengers Bangalore,LOST,13 runs,True,False,
1304101,2022-05-08,2022,5,IPL,Indian Premier League,2022,Chennai Super Kings,Delhi Capitals,"Dr DY Patil Sports Academy, Mumbai",Navi Mumbai,Unknown,AWAY,Delhi Capitals,field,Chennai Super Kings,WON,91 runs,True,False,
1304105,2022-05-12,2022,5,IPL,Indian Premier League,2022,Chennai Super Kings,Mumbai Indians,"Wankhede Stadium, Mumbai",Mumbai,India,AWAY,Mumbai Indians,field,Mumbai Indians,LOST,5 wickets,True,False,
1304108,2022-05-15,2022,5,IPL,Indian Premier League,2022,Chennai Super Kings,Gujarat Titans,"Wankhede Stadium, Mumbai",Mumbai,India,AWAY,Chennai Super Kings,bat,Gujarat Titans,LOST,7 wickets,True,False,
1304114,2022-05-20,2022,5,IPL,Indian Premier League,2022,Chennai Super Kings,Rajasthan Royals,"Brabourne Stadium, Mumbai",Mumbai,India,AWAY,Chennai Super Kings,bat,Rajasthan Royals,LOST,5 wickets,True,False,
1359475,2023-03-31,2023,3,IPL,Indian Premier League,2023,Chennai Super Kings,Gujarat Titans,"Narendra Modi Stadium, Ahmedabad",Ahmedabad,India,AWAY,Gujarat Titans,field,Gujarat Titans,LOST,5 wickets,True,False,
1359480,2023-04-03,2023,4,IPL,Indian Premier League,2023,Chennai Super Kings,Lucknow Super Giants,"MA Chidambaram Stadium, Chepauk, Chennai",Chennai,India,HOME,Lucknow Super Giants,field,Chennai Super Kings,WON,12 runs,True,False,
1359486,2023-04-08,2023,4,IPL,Indian Premier League,2023,Chennai Super Kings,Mumbai Indians,"Wankhede Stadium, Mumbai",Mumbai,India,AWAY,Chennai Super Kings,field,Chennai Super Kings,WON,7 wickets,True,False,
1359491,2023-04-12,2023,4,IPL,Indian Premier League,2023,Chennai Super Kings,Rajasthan Royals,"MA Chidambaram Stadium, Chepauk, Chennai",Chennai,India,HOME,Chennai Super Kings,field,Rajasthan Royals,LOST,3 runs,True,False,
1359498,2023-04-17,2023,4,IPL,Indian Premier League,2023,Chennai Super Kings,Royal Challengers Bangalore,"M Chinnaswamy Stadium, Bengaluru",Bengaluru,India,AWAY,Royal Challengers Bangalore,field,Chennai Super Kings,WON,8 runs,True,False,
1359503,2023-04-21,2023,4,IPL,Indian Premier League,2023,Chennai Super Kings,Sunrisers Hyderabad,"MA Chidambaram Stadium, Chepauk, Chennai",Chennai,India,HOME,Chennai Super Kings,field,Chennai Super Kings,WON,7 wickets,True,False,
1359507,2023-04-23,2023,4,IPL,Indian Premier League,2023,Chennai Super Kings,Kolkata Knight Riders,"Eden Gardens, Kolkata",Kolkata,India,AWAY,Kolkata Knight Riders,field,Chennai Super Kings,WON,49 runs,True,False,
1359511,2023-04-27,2023,4,IPL,Indian Premier League,2023,Chennai Super Kings,Rajasthan Royals,"Sawai Mansingh Stadium, Jaipur",Jaipur,India,AWAY,Rajasthan Royals,bat,Rajasthan Royals,LOST,32 runs,True,False,
1359515,2023-04-30,2023,4,IPL,Indian Premier League,2023,Chennai Super Kings,Punjab Kings,"MA Chidambaram Stadium, Chepauk, Chennai",Chennai,India,HOME,Chennai Super Kings,bat,Punjab Kings,LOST,4 wickets,True,False,
1359519,2023-05-03,2023,5,IPL,Indian Premier League,2023,Chennai Super Kings,Lucknow Super Giants,"Bharat Ratna Shri Atal Bihari Vajpayee Ekana Cricket Stadium, Lucknow",Lucknow,India,AWAY,Chennai Super Kings,field,,NO_RESULT,,True,False,
1359523,2023-05-06,2023,5,IPL,Indian Premier League,2023,Chennai Super Kings,Mumbai Indians,"MA Chidambaram Stadium, Chepauk, Chennai",Chennai,India,HOME,Chennai Super Kings,field,Chennai Super Kings,WON,6 wickets,True,False,
1359529,2023-05-10,2023,5,IPL,Indian Premier League,2023,Chennai Super Kings,Delhi Capitals,"MA Chidambaram Stadium, Chepauk, Chennai",Chennai,India,HOME,Chennai Super Kings,bat,Chennai Super Kings,WON,27 runs,True,False,
1359535,2023-05-14,2023,5,IPL,Indian Premier League,2023,Chennai Super Kings,Kolkata Knight Riders,"MA Chidambaram Stadium, Chepauk, Chennai",Chennai,India,HOME,Chennai Super Kings,bat,Kolkata Knight Riders,LOST,6 wickets,True,False,
1359541,2023-05-20,2023,5,IPL,Indian Premier League,2023,Chennai Super Kings,Delhi Capitals,"Arun Jaitley Stadium, Delhi",Delhi,India,AWAY,Chennai Super Kings,bat,Chennai Super Kings,WON,77 runs,True,False,
1370350,2023-05-23,2023,5,IPL,Indian Premier League,2023,Chennai Super Kings,Gujarat Titans,"MA Chidambaram Stadium, Chepauk, Chennai",Chennai,India,HOME,Gujarat Titans,field,Chennai Super Kings,WON,15 runs,True,False,Qualifier 1
1370353,2023-05-29,2023,5,IPL,Indian Premier League,2023,Chennai Super Kings,Gujarat Titans,"Narendra Modi Stadium, Ahmedabad",Ahmedabad,India,AWAY,Chennai Super Kings,field,Chennai Super Kings,WON,5 wickets,True,False,Final
1422119,2024-03-22,2024,3,IPL,Indian Premier League,2024,Chennai Super Kings,Royal Challengers Bengaluru,"MA Chidambaram Stadium, Chepauk, Chennai",Chennai,India,HOME,Royal Challengers Bengaluru,bat,Chennai Super Kings,WON,6 wickets,False,False,
1422125,2024-03-26,2024,3,IPL,Indian Premier League,2024,Chennai Super Kings,Gujarat Titans,"MA Chidambaram Stadium, Chepauk, Chennai",Chennai,India,HOME,Gujarat Titans,field,Chennai Super Kings,WON,63 runs,False,False,
1422131,2024-03-31,2024,3,IPL,Indian Premier League,2024,Chennai Super Kings,Delhi Capitals,"Dr. Y.S. Rajasekhara Reddy ACA-VDCA Cricket Stadium, Visakhapatnam",Visakhapatnam,India,AWAY,Delhi Capitals,bat,Delhi Capitals,LOST,20 runs,False,False,
1422136,2024-04-05,2024,4,IPL,Indian Premier League,2024,Chennai Super Kings,Sunrisers Hyderabad,"Rajiv Gandhi International Stadium, Uppal, Hyderabad",Hyderabad,India,AWAY,Sunrisers Hyderabad,field,Sunrisers Hyderabad,LOST,6 wickets,False,False,
1426260,2024-04-08,2024,4,IPL,Indian Premier League,2024,Chennai Super Kings,Kolkata Knight Riders,"MA Chidambaram Stadium, Chepauk, Chennai",Chennai,India,HOME,Chennai Super Kings,field,Chennai Super Kings,WON,7 wickets,False,False,
1426267,2024-04-14,2024,4,IPL,Indian Premier League,2024,Chennai Super Kings,Mumbai Indians,"Wankhede Stadium, Mumbai",Mumbai,India,AWAY,Mumbai Indians,field,Chennai Super Kings,WON,20 runs,False,False,
1426272,2024-04-19,2024,4,IPL,Indian Premier League,2024,Chennai Super Kings,Lucknow Super Giants,"Bharat Ratna Shri Atal Bihari Vajpayee Ekana Cricket Stadium, Lucknow",Lucknow,India,AWAY,Lucknow Super Giants,field,Lucknow Super Giants,LOST,8 wickets,False,False,
1426277,2024-04-23,2024,4,IPL,Indian Premier League,2024,Chennai Super Kings,Lucknow Super Giants,"MA Chidambaram Stadium, Chepauk, Chennai",Chennai,India,HOME,Lucknow Super Giants,field,Lucknow Super Giants,LOST,6 wickets,False,False,
1426284,2024-04-28,2024,4,IPL,Indian Premier League,2024,Chennai Super Kings,Sunrisers Hyderabad,"MA Chidambaram Stadium, Chepauk, Chennai",Chennai,India,HOME,Sunrisers Hyderabad,field,Chennai Super Kings,WON,78 runs,False,False,
1426287,2024-05-01,2024,5,IPL,Indian Premier League,2024,Chennai Super Kings,Punjab Kings,"MA Chidambaram Stadium, Chepauk, Chennai",Chennai,India,HOME,Punjab Kings,field,Punjab Kings,LOST,7 wickets,False,False,
1426291,2024-05-05,2024,5,IPL,Indian Premier League,2024,Chennai Super Kings,Punjab Kings,"Himachal Pradesh Cricket Association Stadium, Dharamsala",Dharamsala,India,AWAY,Punjab Kings,field,Chennai Super Kings,WON,28 runs,False,False,
1426297,2024-05-10,2024,5,IPL,Indian Premier League,2024,Chennai Super Kings,Gujarat Titans,"Narendra Modi Stadium, Ahmedabad",Ahmedabad,India,AWAY,Chennai Super Kings,field,Gujarat Titans,LOST,35 runs,False,False,
1426299,2024-05-12,2024,5,IPL,Indian Premier League,2024,Chennai Super Kings,Rajasthan Royals,"MA Chidambaram Stadium, Chepauk, Chennai",Chennai,India,HOME,Rajasthan Royals,bat,Chennai Super Kings,WON,5 wickets,False,False,
1426306,2024-05-18,2024,5,IPL,Indian Premier League,2024,Chennai Super Kings,Royal Challengers Bengaluru,"M Chinnaswamy Stadium, Bengaluru",Bengaluru,India,AWAY,Chennai Super Kings,field,Royal Challengers Bengaluru,LOST,27 runs,False,False,
1473440,2025-03-23,2025,3,IPL,Indian Premier League,2025,Chennai Super Kings,Mumbai Indians,"MA Chidambaram Stadium, Chepauk, Chennai",Chennai,India,HOME,Chennai Super Kings,field,Chennai Super Kings,WON,4 wickets,False,False,
1473445,2025-03-28,2025,3,IPL,Indian Premier League,2025,Chennai Super Kings,Royal Challengers Bengaluru,"MA Chidambaram Stadium, Chepauk, Chennai",Chennai,India,HOME,Chennai Super Kings,field,Royal Challengers Bengaluru,LOST,50 runs,False,False,
1473448,2025-03-30,2025,3,IPL,Indian Premier League,2025,Chennai Super Kings,Rajasthan Royals,"Barsapara Cricket Stadium, Guwahati",Guwahati,India,AWAY,Chennai Super Kings,field,Rajasthan Royals,LOST,6 runs,False,False,
1473454,2025-04-05,2025,4,IPL,Indian Premier League,2025,Chennai Super Kings,Delhi Capitals,"MA Chidambaram Stadium, Chepauk, Chennai",Chennai,India,HOME,Delhi Capitals,bat,Delhi Capitals,LOST,25 runs,False,False,
1473459,2025-04-08,2025,4,IPL,Indian Premier League,2025,Chennai Super Kings,Punjab Kings,"Maharaja Yadavindra Singh International Cricket Stadium, Mullanpur",Mohali,India,AWAY,Punjab Kings,bat,Punjab Kings,LOST,18 runs,False,False,
1473462,2025-04-11,2025,4,IPL,Indian Premier League,2025,Chennai Super Kings,Kolkata Knight Riders,"MA Chidambaram Stadium, Chepauk, Chennai",Chennai,India,HOME,Kolkata Knight Riders,field,Kolkata Knight Riders,LOST,8 wickets,False,False,
1473467,2025-04-14,2025,4,IPL,Indian Premier League,2025,Chennai Super Kings,Lucknow Super Giants,"Bharat Ratna Shri Atal Bihari Vajpayee Ekana Cricket Stadium, Lucknow",Lucknow,India,AWAY,Chennai Super Kings,field,Chennai Super Kings,WON,5 wickets,False,True,
1473475,2025-04-20,2025,4,IPL,Indian Premier League,2025,Chennai Super Kings,Mumbai Indians,"Wankhede Stadium, Mumbai",Mumbai,India,AWAY,Mumbai Indians,field,Mumbai Indians,LOST,9 wickets,False,False,
1473480,2025-04-25,2025,4,IPL,Indian Premier League,2025,Chennai Super Kings,Sunrisers Hyderabad,"MA Chidambaram Stadium, Chepauk, Chennai",Chennai,India,HOME,Sunrisers Hyderabad,field,Sunrisers Hyderabad,LOST,5 wickets,False,False,
1473486,2025-04-30,2025,4,IPL,Indian Premier League,2025,Chennai Super Kings,Punjab Kings,"MA Chidambaram Stadium, Chepauk, Chennai",Chennai,India,HOME,Punjab Kings,field,Punjab Kings,LOST,4 wickets,False,False,
1473489,2025-05-03,2025,5,IPL,Indian Premier League,2025,Chennai Super Kings,Royal Challengers Bengaluru,"M Chinnaswamy Stadium, Bengaluru",Bengaluru,India,AWAY,Chennai Super Kings,field,Royal Challengers Bengaluru,LOST,2 runs,False,False,
1473494,2025-05-07,2025,5,IPL,Indian Premier League,2025,Chennai Super Kings,Kolkata Knight Riders,"Eden Gardens, Kolkata",Kolkata,India,AWAY,Kolkata Knight Riders,bat,Chennai Super Kings,WON,2 wickets,False,False,
1473500,2025-05-20,2025,5,IPL,Indian Premier League,2025,Chennai Super Kings,Rajasthan Royals,"Arun Jaitley Stadium, Delhi",Delhi,India,AWAY,Rajasthan Royals,field,Rajasthan Royals,LOST,6 wickets,False,False,
1473504,2025-05-25,2025,5,IPL,Indian Premier League,2025,Chennai Super Kings,Gujarat Titans,"Narendra Modi Stadium, Ahmedabad",Ahmedabad,India,AWAY,Chennai Super Kings,bat,Chennai Super Kings,WON,83 runs,False,False,
